original	destination
/Users/a44/Documents/dojo/dojo/Emirates Illustrations/boarding pass asset /EK1-Dubai-London-LHR-Empty-1-GeminiGenerated.png	/Users/a44/Documents/dojo/dojo/Emirates Illustrations/boarding pass asset /London/Standard/EK1-Dubai-London-LHR-Empty-1-GeminiGenerated.png
/Users/a44/Documents/dojo/dojo/Emirates Illustrations/boarding pass asset /EK1-Dubai-London-LHR-Empty-1-UltraWide-GeminiGenerated.png	/Users/a44/Documents/dojo/dojo/Emirates Illustrations/boarding pass asset /London/UltraWide/EK1-Dubai-London-LHR-Empty-1-UltraWide-GeminiGenerated.png
/Users/a44/Documents/dojo/dojo/Emirates Illustrations/boarding pass asset /EK1-Dubai-London-LHR-Empty-2-GeminiGenerated.png	/Users/a44/Documents/dojo/dojo/Emirates Illustrations/boarding pass asset /London/Standard/EK1-Dubai-London-LHR-Empty-2-GeminiGenerated.png
/Users/a44/Documents/dojo/dojo/Emirates Illustrations/boarding pass asset /EK1-Dubai-London-LHR-Empty-2-UltraWide-GeminiGenerated.png	/Users/a44/Documents/dojo/dojo/Emirates Illustrations/boarding pass asset /London/UltraWide/EK1-Dubai-London-LHR-Empty-2-UltraWide-GeminiGenerated.png
/Users/a44/Documents/dojo/dojo/Emirates Illustrations/boarding pass asset /EK1-Dubai-London-LHR-Empty-3-GeminiGenerated.png	/Users/a44/Documents/dojo/dojo/Emirates Illustrations/boarding pass asset /London/Standard/EK1-Dubai-London-LHR-Empty-3-GeminiGenerated.png
/Users/a44/Documents/dojo/dojo/Emirates Illustrations/boarding pass asset /EK1-Dubai-London-LHR-Empty-3-UltraWide-GeminiGenerated.png	/Users/a44/Documents/dojo/dojo/Emirates Illustrations/boarding pass asset /London/UltraWide/EK1-Dubai-London-LHR-Empty-3-UltraWide-GeminiGenerated.png
/Users/a44/Documents/dojo/dojo/Emirates Illustrations/boarding pass asset /EK109-Dubai-Larnaca-Empty-1-GeminiGenerated.png	/Users/a44/Documents/dojo/dojo/Emirates Illustrations/boarding pass asset /Larnaca/Standard/EK109-Dubai-Larnaca-Empty-1-GeminiGenerated.png
/Users/a44/Documents/dojo/dojo/Emirates Illustrations/boarding pass asset /EK109-Dubai-Larnaca-Empty-1-UltraWide-GeminiGenerated.png	/Users/a44/Documents/dojo/dojo/Emirates Illustrations/boarding pass asset /Larnaca/UltraWide/EK109-Dubai-Larnaca-Empty-1-UltraWide-GeminiGenerated.png
/Users/a44/Documents/dojo/dojo/Emirates Illustrations/boarding pass asset /EK109-Dubai-Larnaca-Empty-2-GeminiGenerated.png	/Users/a44/Documents/dojo/dojo/Emirates Illustrations/boarding pass asset /Larnaca/Standard/EK109-Dubai-Larnaca-Empty-2-GeminiGenerated.png
/Users/a44/Documents/dojo/dojo/Emirates Illustrations/boarding pass asset /EK109-Dubai-Larnaca-Empty-2-UltraWide-GeminiGenerated.png	/Users/a44/Documents/dojo/dojo/Emirates Illustrations/boarding pass asset /Larnaca/UltraWide/EK109-Dubai-Larnaca-Empty-2-UltraWide-GeminiGenerated.png
/Users/a44/Documents/dojo/dojo/Emirates Illustrations/boarding pass asset /EK109-Dubai-Larnaca-Empty-3-GeminiGenerated.png	/Users/a44/Documents/dojo/dojo/Emirates Illustrations/boarding pass asset /Larnaca/Standard/EK109-Dubai-Larnaca-Empty-3-GeminiGenerated.png
/Users/a44/Documents/dojo/dojo/Emirates Illustrations/boarding pass asset /EK109-Dubai-Larnaca-Empty-3-UltraWide-GeminiGenerated.png	/Users/a44/Documents/dojo/dojo/Emirates Illustrations/boarding pass asset /Larnaca/UltraWide/EK109-Dubai-Larnaca-Empty-3-UltraWide-GeminiGenerated.png
/Users/a44/Documents/dojo/dojo/Emirates Illustrations/boarding pass asset /EK111-Dubai-Budapest-Empty-1-GeminiGenerated.png	/Users/a44/Documents/dojo/dojo/Emirates Illustrations/boarding pass asset /Budapest/Standard/EK111-Dubai-Budapest-Empty-1-GeminiGenerated.png
/Users/a44/Documents/dojo/dojo/Emirates Illustrations/boarding pass asset /EK111-Dubai-Budapest-Empty-1-UltraWide-GeminiGenerated.png	/Users/a44/Documents/dojo/dojo/Emirates Illustrations/boarding pass asset /Budapest/UltraWide/EK111-Dubai-Budapest-Empty-1-UltraWide-GeminiGenerated.png
/Users/a44/Documents/dojo/dojo/Emirates Illustrations/boarding pass asset /EK111-Dubai-Budapest-Empty-2-GeminiGenerated.png	/Users/a44/Documents/dojo/dojo/Emirates Illustrations/boarding pass asset /Budapest/Standard/EK111-Dubai-Budapest-Empty-2-GeminiGenerated.png
/Users/a44/Documents/dojo/dojo/Emirates Illustrations/boarding pass asset /EK111-Dubai-Budapest-Empty-2-UltraWide-GeminiGenerated.png	/Users/a44/Documents/dojo/dojo/Emirates Illustrations/boarding pass asset /Budapest/UltraWide/EK111-Dubai-Budapest-Empty-2-UltraWide-GeminiGenerated.png
/Users/a44/Documents/dojo/dojo/Emirates Illustrations/boarding pass asset /EK111-Dubai-Budapest-Empty-3-GeminiGenerated.png	/Users/a44/Documents/dojo/dojo/Emirates Illustrations/boarding pass asset /Budapest/Standard/EK111-Dubai-Budapest-Empty-3-GeminiGenerated.png
/Users/a44/Documents/dojo/dojo/Emirates Illustrations/boarding pass asset /EK111-Dubai-Budapest-Empty-3-UltraWide-GeminiGenerated.png	/Users/a44/Documents/dojo/dojo/Emirates Illustrations/boarding pass asset /Budapest/UltraWide/EK111-Dubai-Budapest-Empty-3-UltraWide-GeminiGenerated.png
/Users/a44/Documents/dojo/dojo/Emirates Illustrations/boarding pass asset /EK123-Dubai-Istanbul-Empty-1-GeminiGenerated.png	/Users/a44/Documents/dojo/dojo/Emirates Illustrations/boarding pass asset /Istanbul/Standard/EK123-Dubai-Istanbul-Empty-1-GeminiGenerated.png
/Users/a44/Documents/dojo/dojo/Emirates Illustrations/boarding pass asset /EK123-Dubai-Istanbul-Empty-1-UltraWide-GeminiGenerated.png	/Users/a44/Documents/dojo/dojo/Emirates Illustrations/boarding pass asset /Istanbul/UltraWide/EK123-Dubai-Istanbul-Empty-1-UltraWide-GeminiGenerated.png
/Users/a44/Documents/dojo/dojo/Emirates Illustrations/boarding pass asset /EK123-Dubai-Istanbul-Empty-2-GeminiGenerated.png	/Users/a44/Documents/dojo/dojo/Emirates Illustrations/boarding pass asset /Istanbul/Standard/EK123-Dubai-Istanbul-Empty-2-GeminiGenerated.png
/Users/a44/Documents/dojo/dojo/Emirates Illustrations/boarding pass asset /EK123-Dubai-Istanbul-Empty-2-UltraWide-GeminiGenerated.png	/Users/a44/Documents/dojo/dojo/Emirates Illustrations/boarding pass asset /Istanbul/UltraWide/EK123-Dubai-Istanbul-Empty-2-UltraWide-GeminiGenerated.png
/Users/a44/Documents/dojo/dojo/Emirates Illustrations/boarding pass asset /EK123-Dubai-Istanbul-Empty-3-GeminiGenerated.png	/Users/a44/Documents/dojo/dojo/Emirates Illustrations/boarding pass asset /Istanbul/Standard/EK123-Dubai-Istanbul-Empty-3-GeminiGenerated.png
/Users/a44/Documents/dojo/dojo/Emirates Illustrations/boarding pass asset /EK123-Dubai-Istanbul-Empty-3-UltraWide-GeminiGenerated.png	/Users/a44/Documents/dojo/dojo/Emirates Illustrations/boarding pass asset /Istanbul/UltraWide/EK123-Dubai-Istanbul-Empty-3-UltraWide-GeminiGenerated.png
/Users/a44/Documents/dojo/dojo/Emirates Illustrations/boarding pass asset /EK127-Dubai-Vienna-Empty-1-GeminiGenerated.png	/Users/a44/Documents/dojo/dojo/Emirates Illustrations/boarding pass asset /Vienna/Standard/EK127-Dubai-Vienna-Empty-1-GeminiGenerated.png
/Users/a44/Documents/dojo/dojo/Emirates Illustrations/boarding pass asset /EK127-Dubai-Vienna-Empty-1-UltraWide-GeminiGenerated.png	/Users/a44/Documents/dojo/dojo/Emirates Illustrations/boarding pass asset /Vienna/UltraWide/EK127-Dubai-Vienna-Empty-1-UltraWide-GeminiGenerated.png
/Users/a44/Documents/dojo/dojo/Emirates Illustrations/boarding pass asset /EK127-Dubai-Vienna-Empty-2-GeminiGenerated.png	/Users/a44/Documents/dojo/dojo/Emirates Illustrations/boarding pass asset /Vienna/Standard/EK127-Dubai-Vienna-Empty-2-GeminiGenerated.png
/Users/a44/Documents/dojo/dojo/Emirates Illustrations/boarding pass asset /EK127-Dubai-Vienna-Empty-2-UltraWide-GeminiGenerated.png	/Users/a44/Documents/dojo/dojo/Emirates Illustrations/boarding pass asset /Vienna/UltraWide/EK127-Dubai-Vienna-Empty-2-UltraWide-GeminiGenerated.png
/Users/a44/Documents/dojo/dojo/Emirates Illustrations/boarding pass asset /EK127-Dubai-Vienna-Empty-3-GeminiGenerated.png	/Users/a44/Documents/dojo/dojo/Emirates Illustrations/boarding pass asset /Vienna/Standard/EK127-Dubai-Vienna-Empty-3-GeminiGenerated.png
/Users/a44/Documents/dojo/dojo/Emirates Illustrations/boarding pass asset /EK127-Dubai-Vienna-Empty-3-UltraWide-GeminiGenerated.png	/Users/a44/Documents/dojo/dojo/Emirates Illustrations/boarding pass asset /Vienna/UltraWide/EK127-Dubai-Vienna-Empty-3-UltraWide-GeminiGenerated.png
/Users/a44/Documents/dojo/dojo/Emirates Illustrations/boarding pass asset /EK133-Dubai-Moscow-Empty-1-GeminiGenerated.png	/Users/a44/Documents/dojo/dojo/Emirates Illustrations/boarding pass asset /Moscow/Standard/EK133-Dubai-Moscow-Empty-1-GeminiGenerated.png
/Users/a44/Documents/dojo/dojo/Emirates Illustrations/boarding pass asset /EK133-Dubai-Moscow-Empty-1-UltraWide-GeminiGenerated.png	/Users/a44/Documents/dojo/dojo/Emirates Illustrations/boarding pass asset /Moscow/UltraWide/EK133-Dubai-Moscow-Empty-1-UltraWide-GeminiGenerated.png
/Users/a44/Documents/dojo/dojo/Emirates Illustrations/boarding pass asset /EK133-Dubai-Moscow-Empty-2-GeminiGenerated.png	/Users/a44/Documents/dojo/dojo/Emirates Illustrations/boarding pass asset /Moscow/Standard/EK133-Dubai-Moscow-Empty-2-GeminiGenerated.png
/Users/a44/Documents/dojo/dojo/Emirates Illustrations/boarding pass asset /EK133-Dubai-Moscow-Empty-2-UltraWide-GeminiGenerated.png	/Users/a44/Documents/dojo/dojo/Emirates Illustrations/boarding pass asset /Moscow/UltraWide/EK133-Dubai-Moscow-Empty-2-UltraWide-GeminiGenerated.png
/Users/a44/Documents/dojo/dojo/Emirates Illustrations/boarding pass asset /EK133-Dubai-Moscow-Empty-3-GeminiGenerated.png	/Users/a44/Documents/dojo/dojo/Emirates Illustrations/boarding pass asset /Moscow/Standard/EK133-Dubai-Moscow-Empty-3-GeminiGenerated.png
/Users/a44/Documents/dojo/dojo/Emirates Illustrations/boarding pass asset /EK133-Dubai-Moscow-Empty-3-UltraWide-GeminiGenerated.png	/Users/a44/Documents/dojo/dojo/Emirates Illustrations/boarding pass asset /Moscow/UltraWide/EK133-Dubai-Moscow-Empty-3-UltraWide-GeminiGenerated.png
/Users/a44/Documents/dojo/dojo/Emirates Illustrations/boarding pass asset /EK135-Dubai-Venice-Empty-1-GeminiGenerated.png	/Users/a44/Documents/dojo/dojo/Emirates Illustrations/boarding pass asset /Venice/Standard/EK135-Dubai-Venice-Empty-1-GeminiGenerated.png
/Users/a44/Documents/dojo/dojo/Emirates Illustrations/boarding pass asset /EK135-Dubai-Venice-Empty-1-UltraWide-GeminiGenerated.png	/Users/a44/Documents/dojo/dojo/Emirates Illustrations/boarding pass asset /Venice/UltraWide/EK135-Dubai-Venice-Empty-1-UltraWide-GeminiGenerated.png
/Users/a44/Documents/dojo/dojo/Emirates Illustrations/boarding pass asset /EK135-Dubai-Venice-Empty-2-GeminiGenerated.png	/Users/a44/Documents/dojo/dojo/Emirates Illustrations/boarding pass asset /Venice/Standard/EK135-Dubai-Venice-Empty-2-GeminiGenerated.png
/Users/a44/Documents/dojo/dojo/Emirates Illustrations/boarding pass asset /EK135-Dubai-Venice-Empty-2-UltraWide-GeminiGenerated.png	/Users/a44/Documents/dojo/dojo/Emirates Illustrations/boarding pass asset /Venice/UltraWide/EK135-Dubai-Venice-Empty-2-UltraWide-GeminiGenerated.png
/Users/a44/Documents/dojo/dojo/Emirates Illustrations/boarding pass asset /EK135-Dubai-Venice-Empty-3-GeminiGenerated.png	/Users/a44/Documents/dojo/dojo/Emirates Illustrations/boarding pass asset /Venice/Standard/EK135-Dubai-Venice-Empty-3-GeminiGenerated.png
/Users/a44/Documents/dojo/dojo/Emirates Illustrations/boarding pass asset /EK135-Dubai-Venice-Empty-3-UltraWide-GeminiGenerated.png	/Users/a44/Documents/dojo/dojo/Emirates Illustrations/boarding pass asset /Venice/UltraWide/EK135-Dubai-Venice-Empty-3-UltraWide-GeminiGenerated.png
/Users/a44/Documents/dojo/dojo/Emirates Illustrations/boarding pass asset /EK139-Dubai-Prague-Empty-1-GeminiGenerated.png	/Users/a44/Documents/dojo/dojo/Emirates Illustrations/boarding pass asset /Prague/Standard/EK139-Dubai-Prague-Empty-1-GeminiGenerated.png
/Users/a44/Documents/dojo/dojo/Emirates Illustrations/boarding pass asset /EK139-Dubai-Prague-Empty-1-UltraWide-GeminiGenerated.png	/Users/a44/Documents/dojo/dojo/Emirates Illustrations/boarding pass asset /Prague/UltraWide/EK139-Dubai-Prague-Empty-1-UltraWide-GeminiGenerated.png
/Users/a44/Documents/dojo/dojo/Emirates Illustrations/boarding pass asset /EK139-Dubai-Prague-Empty-2-GeminiGenerated.png	/Users/a44/Documents/dojo/dojo/Emirates Illustrations/boarding pass asset /Prague/Standard/EK139-Dubai-Prague-Empty-2-GeminiGenerated.png
/Users/a44/Documents/dojo/dojo/Emirates Illustrations/boarding pass asset /EK139-Dubai-Prague-Empty-2-UltraWide-GeminiGenerated.png	/Users/a44/Documents/dojo/dojo/Emirates Illustrations/boarding pass asset /Prague/UltraWide/EK139-Dubai-Prague-Empty-2-UltraWide-GeminiGenerated.png
/Users/a44/Documents/dojo/dojo/Emirates Illustrations/boarding pass asset /EK139-Dubai-Prague-Empty-3-GeminiGenerated.png	/Users/a44/Documents/dojo/dojo/Emirates Illustrations/boarding pass asset /Prague/Standard/EK139-Dubai-Prague-Empty-3-GeminiGenerated.png
/Users/a44/Documents/dojo/dojo/Emirates Illustrations/boarding pass asset /EK139-Dubai-Prague-Empty-3-UltraWide-GeminiGenerated.png	/Users/a44/Documents/dojo/dojo/Emirates Illustrations/boarding pass asset /Prague/UltraWide/EK139-Dubai-Prague-Empty-3-UltraWide-GeminiGenerated.png
/Users/a44/Documents/dojo/dojo/Emirates Illustrations/boarding pass asset /EK141-Dubai-Madrid-Empty-1-GeminiGenerated.png	/Users/a44/Documents/dojo/dojo/Emirates Illustrations/boarding pass asset /Madrid/Standard/EK141-Dubai-Madrid-Empty-1-GeminiGenerated.png
/Users/a44/Documents/dojo/dojo/Emirates Illustrations/boarding pass asset /EK141-Dubai-Madrid-Empty-1-UltraWide-GeminiGenerated.png	/Users/a44/Documents/dojo/dojo/Emirates Illustrations/boarding pass asset /Madrid/UltraWide/EK141-Dubai-Madrid-Empty-1-UltraWide-GeminiGenerated.png
/Users/a44/Documents/dojo/dojo/Emirates Illustrations/boarding pass asset /EK141-Dubai-Madrid-Empty-2-GeminiGenerated.png	/Users/a44/Documents/dojo/dojo/Emirates Illustrations/boarding pass asset /Madrid/Standard/EK141-Dubai-Madrid-Empty-2-GeminiGenerated.png
/Users/a44/Documents/dojo/dojo/Emirates Illustrations/boarding pass asset /EK141-Dubai-Madrid-Empty-2-UltraWide-GeminiGenerated.png	/Users/a44/Documents/dojo/dojo/Emirates Illustrations/boarding pass asset /Madrid/UltraWide/EK141-Dubai-Madrid-Empty-2-UltraWide-GeminiGenerated.png
/Users/a44/Documents/dojo/dojo/Emirates Illustrations/boarding pass asset /EK141-Dubai-Madrid-Empty-3-GeminiGenerated.png	/Users/a44/Documents/dojo/dojo/Emirates Illustrations/boarding pass asset /Madrid/Standard/EK141-Dubai-Madrid-Empty-3-GeminiGenerated.png
/Users/a44/Documents/dojo/dojo/Emirates Illustrations/boarding pass asset /EK141-Dubai-Madrid-Empty-3-UltraWide-GeminiGenerated.png	/Users/a44/Documents/dojo/dojo/Emirates Illustrations/boarding pass asset /Madrid/UltraWide/EK141-Dubai-Madrid-Empty-3-UltraWide-GeminiGenerated.png
/Users/a44/Documents/dojo/dojo/Emirates Illustrations/boarding pass asset /EK147-Dubai-Amsterdam-Empty-1-GeminiGenerated.png	/Users/a44/Documents/dojo/dojo/Emirates Illustrations/boarding pass asset /Amsterdam/Standard/EK147-Dubai-Amsterdam-Empty-1-GeminiGenerated.png
/Users/a44/Documents/dojo/dojo/Emirates Illustrations/boarding pass asset /EK147-Dubai-Amsterdam-Empty-1-UltraWide-GeminiGenerated.png	/Users/a44/Documents/dojo/dojo/Emirates Illustrations/boarding pass asset /Amsterdam/UltraWide/EK147-Dubai-Amsterdam-Empty-1-UltraWide-GeminiGenerated.png
/Users/a44/Documents/dojo/dojo/Emirates Illustrations/boarding pass asset /EK147-Dubai-Amsterdam-Empty-2-GeminiGenerated.png	/Users/a44/Documents/dojo/dojo/Emirates Illustrations/boarding pass asset /Amsterdam/Standard/EK147-Dubai-Amsterdam-Empty-2-GeminiGenerated.png
/Users/a44/Documents/dojo/dojo/Emirates Illustrations/boarding pass asset /EK147-Dubai-Amsterdam-Empty-2-UltraWide-GeminiGenerated.png	/Users/a44/Documents/dojo/dojo/Emirates Illustrations/boarding pass asset /Amsterdam/UltraWide/EK147-Dubai-Amsterdam-Empty-2-UltraWide-GeminiGenerated.png
/Users/a44/Documents/dojo/dojo/Emirates Illustrations/boarding pass asset /EK147-Dubai-Amsterdam-Empty-3-GeminiGenerated.png	/Users/a44/Documents/dojo/dojo/Emirates Illustrations/boarding pass asset /Amsterdam/Standard/EK147-Dubai-Amsterdam-Empty-3-GeminiGenerated.png
/Users/a44/Documents/dojo/dojo/Emirates Illustrations/boarding pass asset /EK147-Dubai-Amsterdam-Empty-3-UltraWide-GeminiGenerated.png	/Users/a44/Documents/dojo/dojo/Emirates Illustrations/boarding pass asset /Amsterdam/UltraWide/EK147-Dubai-Amsterdam-Empty-3-UltraWide-GeminiGenerated.png
/Users/a44/Documents/dojo/dojo/Emirates Illustrations/boarding pass asset /EK15-Dubai-London-LGW-Empty-1-GeminiGenerated.png	/Users/a44/Documents/dojo/dojo/Emirates Illustrations/boarding pass asset /London/Standard/EK15-Dubai-London-LGW-Empty-1-GeminiGenerated.png
/Users/a44/Documents/dojo/dojo/Emirates Illustrations/boarding pass asset /EK15-Dubai-London-LGW-Empty-1-UltraWide-GeminiGenerated.png	/Users/a44/Documents/dojo/dojo/Emirates Illustrations/boarding pass asset /London/UltraWide/EK15-Dubai-London-LGW-Empty-1-UltraWide-GeminiGenerated.png
/Users/a44/Documents/dojo/dojo/Emirates Illustrations/boarding pass asset /EK15-Dubai-London-LGW-Empty-2-GeminiGenerated.png	/Users/a44/Documents/dojo/dojo/Emirates Illustrations/boarding pass asset /London/Standard/EK15-Dubai-London-LGW-Empty-2-GeminiGenerated.png
/Users/a44/Documents/dojo/dojo/Emirates Illustrations/boarding pass asset /EK15-Dubai-London-LGW-Empty-2-UltraWide-GeminiGenerated.png	/Users/a44/Documents/dojo/dojo/Emirates Illustrations/boarding pass asset /London/UltraWide/EK15-Dubai-London-LGW-Empty-2-UltraWide-GeminiGenerated.png
/Users/a44/Documents/dojo/dojo/Emirates Illustrations/boarding pass asset /EK15-Dubai-London-LGW-Empty-3-GeminiGenerated.png	/Users/a44/Documents/dojo/dojo/Emirates Illustrations/boarding pass asset /London/Standard/EK15-Dubai-London-LGW-Empty-3-GeminiGenerated.png
/Users/a44/Documents/dojo/dojo/Emirates Illustrations/boarding pass asset /EK15-Dubai-London-LGW-Empty-3-UltraWide-GeminiGenerated.png	/Users/a44/Documents/dojo/dojo/Emirates Illustrations/boarding pass asset /London/UltraWide/EK15-Dubai-London-LGW-Empty-3-UltraWide-GeminiGenerated.png
/Users/a44/Documents/dojo/dojo/Emirates Illustrations/boarding pass asset /EK151-Dubai-Copenhagen-Empty-1-GeminiGenerated.png	/Users/a44/Documents/dojo/dojo/Emirates Illustrations/boarding pass asset /Copenhagen/Standard/EK151-Dubai-Copenhagen-Empty-1-GeminiGenerated.png
/Users/a44/Documents/dojo/dojo/Emirates Illustrations/boarding pass asset /EK151-Dubai-Copenhagen-Empty-1-UltraWide-GeminiGenerated.png	/Users/a44/Documents/dojo/dojo/Emirates Illustrations/boarding pass asset /Copenhagen/UltraWide/EK151-Dubai-Copenhagen-Empty-1-UltraWide-GeminiGenerated.png
/Users/a44/Documents/dojo/dojo/Emirates Illustrations/boarding pass asset /EK151-Dubai-Copenhagen-Empty-2-GeminiGenerated.png	/Users/a44/Documents/dojo/dojo/Emirates Illustrations/boarding pass asset /Copenhagen/Standard/EK151-Dubai-Copenhagen-Empty-2-GeminiGenerated.png
/Users/a44/Documents/dojo/dojo/Emirates Illustrations/boarding pass asset /EK151-Dubai-Copenhagen-Empty-2-UltraWide-GeminiGenerated.png	/Users/a44/Documents/dojo/dojo/Emirates Illustrations/boarding pass asset /Copenhagen/UltraWide/EK151-Dubai-Copenhagen-Empty-2-UltraWide-GeminiGenerated.png
/Users/a44/Documents/dojo/dojo/Emirates Illustrations/boarding pass asset /EK151-Dubai-Copenhagen-Empty-3-GeminiGenerated.png	/Users/a44/Documents/dojo/dojo/Emirates Illustrations/boarding pass asset /Copenhagen/Standard/EK151-Dubai-Copenhagen-Empty-3-GeminiGenerated.png
/Users/a44/Documents/dojo/dojo/Emirates Illustrations/boarding pass asset /EK151-Dubai-Copenhagen-Empty-3-UltraWide-GeminiGenerated.png	/Users/a44/Documents/dojo/dojo/Emirates Illustrations/boarding pass asset /Copenhagen/UltraWide/EK151-Dubai-Copenhagen-Empty-3-UltraWide-GeminiGenerated.png
/Users/a44/Documents/dojo/dojo/Emirates Illustrations/boarding pass asset /EK157-Dubai-Stockholm-Empty-1-GeminiGenerated.png	/Users/a44/Documents/dojo/dojo/Emirates Illustrations/boarding pass asset /Stockholm/Standard/EK157-Dubai-Stockholm-Empty-1-GeminiGenerated.png
/Users/a44/Documents/dojo/dojo/Emirates Illustrations/boarding pass asset /EK157-Dubai-Stockholm-Empty-1-UltraWide-GeminiGenerated.png	/Users/a44/Documents/dojo/dojo/Emirates Illustrations/boarding pass asset /Stockholm/UltraWide/EK157-Dubai-Stockholm-Empty-1-UltraWide-GeminiGenerated.png
/Users/a44/Documents/dojo/dojo/Emirates Illustrations/boarding pass asset /EK157-Dubai-Stockholm-Empty-2-GeminiGenerated.png	/Users/a44/Documents/dojo/dojo/Emirates Illustrations/boarding pass asset /Stockholm/Standard/EK157-Dubai-Stockholm-Empty-2-GeminiGenerated.png
/Users/a44/Documents/dojo/dojo/Emirates Illustrations/boarding pass asset /EK157-Dubai-Stockholm-Empty-2-UltraWide-GeminiGenerated.png	/Users/a44/Documents/dojo/dojo/Emirates Illustrations/boarding pass asset /Stockholm/UltraWide/EK157-Dubai-Stockholm-Empty-2-UltraWide-GeminiGenerated.png
/Users/a44/Documents/dojo/dojo/Emirates Illustrations/boarding pass asset /EK157-Dubai-Stockholm-Empty-3-GeminiGenerated.png	/Users/a44/Documents/dojo/dojo/Emirates Illustrations/boarding pass asset /Stockholm/Standard/EK157-Dubai-Stockholm-Empty-3-GeminiGenerated.png
/Users/a44/Documents/dojo/dojo/Emirates Illustrations/boarding pass asset /EK157-Dubai-Stockholm-Empty-3-UltraWide-GeminiGenerated.png	/Users/a44/Documents/dojo/dojo/Emirates Illustrations/boarding pass asset /Stockholm/UltraWide/EK157-Dubai-Stockholm-Empty-3-UltraWide-GeminiGenerated.png
/Users/a44/Documents/dojo/dojo/Emirates Illustrations/boarding pass asset /EK159-Dubai-Oslo-Empty-1-GeminiGenerated.png	/Users/a44/Documents/dojo/dojo/Emirates Illustrations/boarding pass asset /Oslo/Standard/EK159-Dubai-Oslo-Empty-1-GeminiGenerated.png
/Users/a44/Documents/dojo/dojo/Emirates Illustrations/boarding pass asset /EK159-Dubai-Oslo-Empty-1-UltraWide-GeminiGenerated.png	/Users/a44/Documents/dojo/dojo/Emirates Illustrations/boarding pass asset /Oslo/UltraWide/EK159-Dubai-Oslo-Empty-1-UltraWide-GeminiGenerated.png
/Users/a44/Documents/dojo/dojo/Emirates Illustrations/boarding pass asset /EK159-Dubai-Oslo-Empty-2-GeminiGenerated.png	/Users/a44/Documents/dojo/dojo/Emirates Illustrations/boarding pass asset /Oslo/Standard/EK159-Dubai-Oslo-Empty-2-GeminiGenerated.png
/Users/a44/Documents/dojo/dojo/Emirates Illustrations/boarding pass asset /EK159-Dubai-Oslo-Empty-2-UltraWide-GeminiGenerated.png	/Users/a44/Documents/dojo/dojo/Emirates Illustrations/boarding pass asset /Oslo/UltraWide/EK159-Dubai-Oslo-Empty-2-UltraWide-GeminiGenerated.png
/Users/a44/Documents/dojo/dojo/Emirates Illustrations/boarding pass asset /EK159-Dubai-Oslo-Empty-3-GeminiGenerated.png	/Users/a44/Documents/dojo/dojo/Emirates Illustrations/boarding pass asset /Oslo/Standard/EK159-Dubai-Oslo-Empty-3-GeminiGenerated.png
/Users/a44/Documents/dojo/dojo/Emirates Illustrations/boarding pass asset /EK159-Dubai-Oslo-Empty-3-UltraWide-GeminiGenerated.png	/Users/a44/Documents/dojo/dojo/Emirates Illustrations/boarding pass asset /Oslo/UltraWide/EK159-Dubai-Oslo-Empty-3-UltraWide-GeminiGenerated.png
/Users/a44/Documents/dojo/dojo/Emirates Illustrations/boarding pass asset /EK161-Dubai-Dublin-Empty-1-GeminiGenerated.png	/Users/a44/Documents/dojo/dojo/Emirates Illustrations/boarding pass asset /Dublin/Standard/EK161-Dubai-Dublin-Empty-1-GeminiGenerated.png
/Users/a44/Documents/dojo/dojo/Emirates Illustrations/boarding pass asset /EK161-Dubai-Dublin-Empty-1-UltraWide-GeminiGenerated.png	/Users/a44/Documents/dojo/dojo/Emirates Illustrations/boarding pass asset /Dublin/UltraWide/EK161-Dubai-Dublin-Empty-1-UltraWide-GeminiGenerated.png
/Users/a44/Documents/dojo/dojo/Emirates Illustrations/boarding pass asset /EK161-Dubai-Dublin-Empty-2-GeminiGenerated.png	/Users/a44/Documents/dojo/dojo/Emirates Illustrations/boarding pass asset /Dublin/Standard/EK161-Dubai-Dublin-Empty-2-GeminiGenerated.png
/Users/a44/Documents/dojo/dojo/Emirates Illustrations/boarding pass asset /EK161-Dubai-Dublin-Empty-2-UltraWide-GeminiGenerated.png	/Users/a44/Documents/dojo/dojo/Emirates Illustrations/boarding pass asset /Dublin/UltraWide/EK161-Dubai-Dublin-Empty-2-UltraWide-GeminiGenerated.png
/Users/a44/Documents/dojo/dojo/Emirates Illustrations/boarding pass asset /EK161-Dubai-Dublin-Empty-3-GeminiGenerated.png	/Users/a44/Documents/dojo/dojo/Emirates Illustrations/boarding pass asset /Dublin/Standard/EK161-Dubai-Dublin-Empty-3-GeminiGenerated.png
/Users/a44/Documents/dojo/dojo/Emirates Illustrations/boarding pass asset /EK161-Dubai-Dublin-Empty-3-UltraWide-GeminiGenerated.png	/Users/a44/Documents/dojo/dojo/Emirates Illustrations/boarding pass asset /Dublin/UltraWide/EK161-Dubai-Dublin-Empty-3-UltraWide-GeminiGenerated.png
/Users/a44/Documents/dojo/dojo/Emirates Illustrations/boarding pass asset /EK175-Dubai-StPetersburg-Empty-1-GeminiGenerated.png	/Users/a44/Documents/dojo/dojo/Emirates Illustrations/boarding pass asset /StPetersburg/Standard/EK175-Dubai-StPetersburg-Empty-1-GeminiGenerated.png
/Users/a44/Documents/dojo/dojo/Emirates Illustrations/boarding pass asset /EK175-Dubai-StPetersburg-Empty-1-UltraWide-GeminiGenerated.png	/Users/a44/Documents/dojo/dojo/Emirates Illustrations/boarding pass asset /StPetersburg/UltraWide/EK175-Dubai-StPetersburg-Empty-1-UltraWide-GeminiGenerated.png
/Users/a44/Documents/dojo/dojo/Emirates Illustrations/boarding pass asset /EK175-Dubai-StPetersburg-Empty-2-GeminiGenerated.png	/Users/a44/Documents/dojo/dojo/Emirates Illustrations/boarding pass asset /StPetersburg/Standard/EK175-Dubai-StPetersburg-Empty-2-GeminiGenerated.png
/Users/a44/Documents/dojo/dojo/Emirates Illustrations/boarding pass asset /EK175-Dubai-StPetersburg-Empty-2-UltraWide-GeminiGenerated.png	/Users/a44/Documents/dojo/dojo/Emirates Illustrations/boarding pass asset /StPetersburg/UltraWide/EK175-Dubai-StPetersburg-Empty-2-UltraWide-GeminiGenerated.png
/Users/a44/Documents/dojo/dojo/Emirates Illustrations/boarding pass asset /EK175-Dubai-StPetersburg-Empty-3-GeminiGenerated.png	/Users/a44/Documents/dojo/dojo/Emirates Illustrations/boarding pass asset /StPetersburg/Standard/EK175-Dubai-StPetersburg-Empty-3-GeminiGenerated.png
/Users/a44/Documents/dojo/dojo/Emirates Illustrations/boarding pass asset /EK175-Dubai-StPetersburg-Empty-3-UltraWide-GeminiGenerated.png	/Users/a44/Documents/dojo/dojo/Emirates Illustrations/boarding pass asset /StPetersburg/UltraWide/EK175-Dubai-StPetersburg-Empty-3-UltraWide-GeminiGenerated.png
/Users/a44/Documents/dojo/dojo/Emirates Illustrations/boarding pass asset /EK179-Dubai-Warsaw-Empty-1-GeminiGenerated.png	/Users/a44/Documents/dojo/dojo/Emirates Illustrations/boarding pass asset /Warsaw/Standard/EK179-Dubai-Warsaw-Empty-1-GeminiGenerated.png
/Users/a44/Documents/dojo/dojo/Emirates Illustrations/boarding pass asset /EK179-Dubai-Warsaw-Empty-1-UltraWide-GeminiGenerated.png	/Users/a44/Documents/dojo/dojo/Emirates Illustrations/boarding pass asset /Warsaw/UltraWide/EK179-Dubai-Warsaw-Empty-1-UltraWide-GeminiGenerated.png
/Users/a44/Documents/dojo/dojo/Emirates Illustrations/boarding pass asset /EK179-Dubai-Warsaw-Empty-2-GeminiGenerated.png	/Users/a44/Documents/dojo/dojo/Emirates Illustrations/boarding pass asset /Warsaw/Standard/EK179-Dubai-Warsaw-Empty-2-GeminiGenerated.png
/Users/a44/Documents/dojo/dojo/Emirates Illustrations/boarding pass asset /EK179-Dubai-Warsaw-Empty-2-UltraWide-GeminiGenerated.png	/Users/a44/Documents/dojo/dojo/Emirates Illustrations/boarding pass asset /Warsaw/UltraWide/EK179-Dubai-Warsaw-Empty-2-UltraWide-GeminiGenerated.png
/Users/a44/Documents/dojo/dojo/Emirates Illustrations/boarding pass asset /EK179-Dubai-Warsaw-Empty-3-GeminiGenerated.png	/Users/a44/Documents/dojo/dojo/Emirates Illustrations/boarding pass asset /Warsaw/Standard/EK179-Dubai-Warsaw-Empty-3-GeminiGenerated.png
/Users/a44/Documents/dojo/dojo/Emirates Illustrations/boarding pass asset /EK179-Dubai-Warsaw-Empty-3-UltraWide-GeminiGenerated.png	/Users/a44/Documents/dojo/dojo/Emirates Illustrations/boarding pass asset /Warsaw/UltraWide/EK179-Dubai-Warsaw-Empty-3-UltraWide-GeminiGenerated.png
/Users/a44/Documents/dojo/dojo/Emirates Illustrations/boarding pass asset /EK183-Dubai-Brussels-Empty-1-GeminiGenerated.png	/Users/a44/Documents/dojo/dojo/Emirates Illustrations/boarding pass asset /Brussels/Standard/EK183-Dubai-Brussels-Empty-1-GeminiGenerated.png
/Users/a44/Documents/dojo/dojo/Emirates Illustrations/boarding pass asset /EK183-Dubai-Brussels-Empty-1-UltraWide-GeminiGenerated.png	/Users/a44/Documents/dojo/dojo/Emirates Illustrations/boarding pass asset /Brussels/UltraWide/EK183-Dubai-Brussels-Empty-1-UltraWide-GeminiGenerated.png
/Users/a44/Documents/dojo/dojo/Emirates Illustrations/boarding pass asset /EK183-Dubai-Brussels-Empty-2-GeminiGenerated.png	/Users/a44/Documents/dojo/dojo/Emirates Illustrations/boarding pass asset /Brussels/Standard/EK183-Dubai-Brussels-Empty-2-GeminiGenerated.png
/Users/a44/Documents/dojo/dojo/Emirates Illustrations/boarding pass asset /EK183-Dubai-Brussels-Empty-2-UltraWide-GeminiGenerated.png	/Users/a44/Documents/dojo/dojo/Emirates Illustrations/boarding pass asset /Brussels/UltraWide/EK183-Dubai-Brussels-Empty-2-UltraWide-GeminiGenerated.png
/Users/a44/Documents/dojo/dojo/Emirates Illustrations/boarding pass asset /EK183-Dubai-Brussels-Empty-3-GeminiGenerated.png	/Users/a44/Documents/dojo/dojo/Emirates Illustrations/boarding pass asset /Brussels/Standard/EK183-Dubai-Brussels-Empty-3-GeminiGenerated.png
/Users/a44/Documents/dojo/dojo/Emirates Illustrations/boarding pass asset /EK183-Dubai-Brussels-Empty-3-UltraWide-GeminiGenerated.png	/Users/a44/Documents/dojo/dojo/Emirates Illustrations/boarding pass asset /Brussels/UltraWide/EK183-Dubai-Brussels-Empty-3-UltraWide-GeminiGenerated.png
/Users/a44/Documents/dojo/dojo/Emirates Illustrations/boarding pass asset /EK185-Dubai-Barcelona-Empty-1-GeminiGenerated.png	/Users/a44/Documents/dojo/dojo/Emirates Illustrations/boarding pass asset /Barcelona/Standard/EK185-Dubai-Barcelona-Empty-1-GeminiGenerated.png
/Users/a44/Documents/dojo/dojo/Emirates Illustrations/boarding pass asset /EK185-Dubai-Barcelona-Empty-1-UltraWide-GeminiGenerated.png	/Users/a44/Documents/dojo/dojo/Emirates Illustrations/boarding pass asset /Barcelona/UltraWide/EK185-Dubai-Barcelona-Empty-1-UltraWide-GeminiGenerated.png
/Users/a44/Documents/dojo/dojo/Emirates Illustrations/boarding pass asset /EK185-Dubai-Barcelona-Empty-2-GeminiGenerated.png	/Users/a44/Documents/dojo/dojo/Emirates Illustrations/boarding pass asset /Barcelona/Standard/EK185-Dubai-Barcelona-Empty-2-GeminiGenerated.png
/Users/a44/Documents/dojo/dojo/Emirates Illustrations/boarding pass asset /EK185-Dubai-Barcelona-Empty-2-UltraWide-GeminiGenerated.png	/Users/a44/Documents/dojo/dojo/Emirates Illustrations/boarding pass asset /Barcelona/UltraWide/EK185-Dubai-Barcelona-Empty-2-UltraWide-GeminiGenerated.png
/Users/a44/Documents/dojo/dojo/Emirates Illustrations/boarding pass asset /EK185-Dubai-Barcelona-Empty-3-GeminiGenerated.png	/Users/a44/Documents/dojo/dojo/Emirates Illustrations/boarding pass asset /Barcelona/Standard/EK185-Dubai-Barcelona-Empty-3-GeminiGenerated.png
/Users/a44/Documents/dojo/dojo/Emirates Illustrations/boarding pass asset /EK185-Dubai-Barcelona-Empty-3-UltraWide-GeminiGenerated.png	/Users/a44/Documents/dojo/dojo/Emirates Illustrations/boarding pass asset /Barcelona/UltraWide/EK185-Dubai-Barcelona-Empty-3-UltraWide-GeminiGenerated.png
/Users/a44/Documents/dojo/dojo/Emirates Illustrations/boarding pass asset /EK19-Dubai-Manchester-Empty-1-GeminiGenerated.png	/Users/a44/Documents/dojo/dojo/Emirates Illustrations/boarding pass asset /Manchester/Standard/EK19-Dubai-Manchester-Empty-1-GeminiGenerated.png
/Users/a44/Documents/dojo/dojo/Emirates Illustrations/boarding pass asset /EK19-Dubai-Manchester-Empty-1-UltraWide-GeminiGenerated.png	/Users/a44/Documents/dojo/dojo/Emirates Illustrations/boarding pass asset /Manchester/UltraWide/EK19-Dubai-Manchester-Empty-1-UltraWide-GeminiGenerated.png
/Users/a44/Documents/dojo/dojo/Emirates Illustrations/boarding pass asset /EK19-Dubai-Manchester-Empty-2-GeminiGenerated.png	/Users/a44/Documents/dojo/dojo/Emirates Illustrations/boarding pass asset /Manchester/Standard/EK19-Dubai-Manchester-Empty-2-GeminiGenerated.png
/Users/a44/Documents/dojo/dojo/Emirates Illustrations/boarding pass asset /EK19-Dubai-Manchester-Empty-2-UltraWide-GeminiGenerated.png	/Users/a44/Documents/dojo/dojo/Emirates Illustrations/boarding pass asset /Manchester/UltraWide/EK19-Dubai-Manchester-Empty-2-UltraWide-GeminiGenerated.png
/Users/a44/Documents/dojo/dojo/Emirates Illustrations/boarding pass asset /EK19-Dubai-Manchester-Empty-3-GeminiGenerated.png	/Users/a44/Documents/dojo/dojo/Emirates Illustrations/boarding pass asset /Manchester/Standard/EK19-Dubai-Manchester-Empty-3-GeminiGenerated.png
/Users/a44/Documents/dojo/dojo/Emirates Illustrations/boarding pass asset /EK19-Dubai-Manchester-Empty-3-UltraWide-GeminiGenerated.png	/Users/a44/Documents/dojo/dojo/Emirates Illustrations/boarding pass asset /Manchester/UltraWide/EK19-Dubai-Manchester-Empty-3-UltraWide-GeminiGenerated.png
/Users/a44/Documents/dojo/dojo/Emirates Illustrations/boarding pass asset /EK191-Dubai-Lisbon-Empty-1-GeminiGenerated.png	/Users/a44/Documents/dojo/dojo/Emirates Illustrations/boarding pass asset /Lisbon/Standard/EK191-Dubai-Lisbon-Empty-1-GeminiGenerated.png
/Users/a44/Documents/dojo/dojo/Emirates Illustrations/boarding pass asset /EK191-Dubai-Lisbon-Empty-1-UltraWide-GeminiGenerated.png	/Users/a44/Documents/dojo/dojo/Emirates Illustrations/boarding pass asset /Lisbon/UltraWide/EK191-Dubai-Lisbon-Empty-1-UltraWide-GeminiGenerated.png
/Users/a44/Documents/dojo/dojo/Emirates Illustrations/boarding pass asset /EK191-Dubai-Lisbon-Empty-2-GeminiGenerated.png	/Users/a44/Documents/dojo/dojo/Emirates Illustrations/boarding pass asset /Lisbon/Standard/EK191-Dubai-Lisbon-Empty-2-GeminiGenerated.png
/Users/a44/Documents/dojo/dojo/Emirates Illustrations/boarding pass asset /EK191-Dubai-Lisbon-Empty-2-UltraWide-GeminiGenerated.png	/Users/a44/Documents/dojo/dojo/Emirates Illustrations/boarding pass asset /Lisbon/UltraWide/EK191-Dubai-Lisbon-Empty-2-UltraWide-GeminiGenerated.png
/Users/a44/Documents/dojo/dojo/Emirates Illustrations/boarding pass asset /EK191-Dubai-Lisbon-Empty-3-GeminiGenerated.png	/Users/a44/Documents/dojo/dojo/Emirates Illustrations/boarding pass asset /Lisbon/Standard/EK191-Dubai-Lisbon-Empty-3-GeminiGenerated.png
/Users/a44/Documents/dojo/dojo/Emirates Illustrations/boarding pass asset /EK191-Dubai-Lisbon-Empty-3-UltraWide-GeminiGenerated.png	/Users/a44/Documents/dojo/dojo/Emirates Illustrations/boarding pass asset /Lisbon/UltraWide/EK191-Dubai-Lisbon-Empty-3-UltraWide-GeminiGenerated.png
/Users/a44/Documents/dojo/dojo/Emirates Illustrations/boarding pass asset /EK201-Dubai-NewYork-Empty-1-GeminiGenerated.png	/Users/a44/Documents/dojo/dojo/Emirates Illustrations/boarding pass asset /NewYork/Standard/EK201-Dubai-NewYork-Empty-1-GeminiGenerated.png
/Users/a44/Documents/dojo/dojo/Emirates Illustrations/boarding pass asset /EK201-Dubai-NewYork-Empty-1-UltraWide-GeminiGenerated.png	/Users/a44/Documents/dojo/dojo/Emirates Illustrations/boarding pass asset /NewYork/UltraWide/EK201-Dubai-NewYork-Empty-1-UltraWide-GeminiGenerated.png
/Users/a44/Documents/dojo/dojo/Emirates Illustrations/boarding pass asset /EK201-Dubai-NewYork-Empty-2-GeminiGenerated.png	/Users/a44/Documents/dojo/dojo/Emirates Illustrations/boarding pass asset /NewYork/Standard/EK201-Dubai-NewYork-Empty-2-GeminiGenerated.png
/Users/a44/Documents/dojo/dojo/Emirates Illustrations/boarding pass asset /EK201-Dubai-NewYork-Empty-2-UltraWide-GeminiGenerated.png	/Users/a44/Documents/dojo/dojo/Emirates Illustrations/boarding pass asset /NewYork/UltraWide/EK201-Dubai-NewYork-Empty-2-UltraWide-GeminiGenerated.png
/Users/a44/Documents/dojo/dojo/Emirates Illustrations/boarding pass asset /EK201-Dubai-NewYork-Empty-3-GeminiGenerated.png	/Users/a44/Documents/dojo/dojo/Emirates Illustrations/boarding pass asset /NewYork/Standard/EK201-Dubai-NewYork-Empty-3-GeminiGenerated.png
/Users/a44/Documents/dojo/dojo/Emirates Illustrations/boarding pass asset /EK201-Dubai-NewYork-Empty-3-UltraWide-GeminiGenerated.png	/Users/a44/Documents/dojo/dojo/Emirates Illustrations/boarding pass asset /NewYork/UltraWide/EK201-Dubai-NewYork-Empty-3-UltraWide-GeminiGenerated.png
/Users/a44/Documents/dojo/dojo/Emirates Illustrations/boarding pass asset /EK205-Dubai-Milan-Empty-1-GeminiGenerated.png	/Users/a44/Documents/dojo/dojo/Emirates Illustrations/boarding pass asset /Milan/Standard/EK205-Dubai-Milan-Empty-1-GeminiGenerated.png
/Users/a44/Documents/dojo/dojo/Emirates Illustrations/boarding pass asset /EK205-Dubai-Milan-Empty-1-UltraWide-GeminiGenerated.png	/Users/a44/Documents/dojo/dojo/Emirates Illustrations/boarding pass asset /Milan/UltraWide/EK205-Dubai-Milan-Empty-1-UltraWide-GeminiGenerated.png
/Users/a44/Documents/dojo/dojo/Emirates Illustrations/boarding pass asset /EK205-Dubai-Milan-Empty-2-GeminiGenerated.png	/Users/a44/Documents/dojo/dojo/Emirates Illustrations/boarding pass asset /Milan/Standard/EK205-Dubai-Milan-Empty-2-GeminiGenerated.png
/Users/a44/Documents/dojo/dojo/Emirates Illustrations/boarding pass asset /EK205-Dubai-Milan-Empty-2-UltraWide-GeminiGenerated.png	/Users/a44/Documents/dojo/dojo/Emirates Illustrations/boarding pass asset /Milan/UltraWide/EK205-Dubai-Milan-Empty-2-UltraWide-GeminiGenerated.png
/Users/a44/Documents/dojo/dojo/Emirates Illustrations/boarding pass asset /EK205-Dubai-Milan-Empty-3-GeminiGenerated.png	/Users/a44/Documents/dojo/dojo/Emirates Illustrations/boarding pass asset /Milan/Standard/EK205-Dubai-Milan-Empty-3-GeminiGenerated.png
/Users/a44/Documents/dojo/dojo/Emirates Illustrations/boarding pass asset /EK205-Dubai-Milan-Empty-3-UltraWide-GeminiGenerated.png	/Users/a44/Documents/dojo/dojo/Emirates Illustrations/boarding pass asset /Milan/UltraWide/EK205-Dubai-Milan-Empty-3-UltraWide-GeminiGenerated.png
/Users/a44/Documents/dojo/dojo/Emirates Illustrations/boarding pass asset /EK209-Dubai-Athens-Empty-1-GeminiGenerated.png	/Users/a44/Documents/dojo/dojo/Emirates Illustrations/boarding pass asset /Athens/Standard/EK209-Dubai-Athens-Empty-1-GeminiGenerated.png
/Users/a44/Documents/dojo/dojo/Emirates Illustrations/boarding pass asset /EK209-Dubai-Athens-Empty-1-UltraWide-GeminiGenerated.png	/Users/a44/Documents/dojo/dojo/Emirates Illustrations/boarding pass asset /Athens/UltraWide/EK209-Dubai-Athens-Empty-1-UltraWide-GeminiGenerated.png
/Users/a44/Documents/dojo/dojo/Emirates Illustrations/boarding pass asset /EK209-Dubai-Athens-Empty-2-GeminiGenerated.png	/Users/a44/Documents/dojo/dojo/Emirates Illustrations/boarding pass asset /Athens/Standard/EK209-Dubai-Athens-Empty-2-GeminiGenerated.png
/Users/a44/Documents/dojo/dojo/Emirates Illustrations/boarding pass asset /EK209-Dubai-Athens-Empty-2-UltraWide-GeminiGenerated.png	/Users/a44/Documents/dojo/dojo/Emirates Illustrations/boarding pass asset /Athens/UltraWide/EK209-Dubai-Athens-Empty-2-UltraWide-GeminiGenerated.png
/Users/a44/Documents/dojo/dojo/Emirates Illustrations/boarding pass asset /EK209-Dubai-Athens-Empty-3-GeminiGenerated.png	/Users/a44/Documents/dojo/dojo/Emirates Illustrations/boarding pass asset /Athens/Standard/EK209-Dubai-Athens-Empty-3-GeminiGenerated.png
/Users/a44/Documents/dojo/dojo/Emirates Illustrations/boarding pass asset /EK209-Dubai-Athens-Empty-3-UltraWide-GeminiGenerated.png	/Users/a44/Documents/dojo/dojo/Emirates Illustrations/boarding pass asset /Athens/UltraWide/EK209-Dubai-Athens-Empty-3-UltraWide-GeminiGenerated.png
/Users/a44/Documents/dojo/dojo/Emirates Illustrations/boarding pass asset /EK211-Dubai-Houston-Empty-1-GeminiGenerated.png	/Users/a44/Documents/dojo/dojo/Emirates Illustrations/boarding pass asset /Houston/Standard/EK211-Dubai-Houston-Empty-1-GeminiGenerated.png
/Users/a44/Documents/dojo/dojo/Emirates Illustrations/boarding pass asset /EK211-Dubai-Houston-Empty-1-UltraWide-GeminiGenerated.png	/Users/a44/Documents/dojo/dojo/Emirates Illustrations/boarding pass asset /Houston/UltraWide/EK211-Dubai-Houston-Empty-1-UltraWide-GeminiGenerated.png
/Users/a44/Documents/dojo/dojo/Emirates Illustrations/boarding pass asset /EK211-Dubai-Houston-Empty-2-GeminiGenerated.png	/Users/a44/Documents/dojo/dojo/Emirates Illustrations/boarding pass asset /Houston/Standard/EK211-Dubai-Houston-Empty-2-GeminiGenerated.png
/Users/a44/Documents/dojo/dojo/Emirates Illustrations/boarding pass asset /EK211-Dubai-Houston-Empty-2-UltraWide-GeminiGenerated.png	/Users/a44/Documents/dojo/dojo/Emirates Illustrations/boarding pass asset /Houston/UltraWide/EK211-Dubai-Houston-Empty-2-UltraWide-GeminiGenerated.png
/Users/a44/Documents/dojo/dojo/Emirates Illustrations/boarding pass asset /EK211-Dubai-Houston-Empty-3-GeminiGenerated.png	/Users/a44/Documents/dojo/dojo/Emirates Illustrations/boarding pass asset /Houston/Standard/EK211-Dubai-Houston-Empty-3-GeminiGenerated.png
/Users/a44/Documents/dojo/dojo/Emirates Illustrations/boarding pass asset /EK211-Dubai-Houston-Empty-3-UltraWide-GeminiGenerated.png	/Users/a44/Documents/dojo/dojo/Emirates Illustrations/boarding pass asset /Houston/UltraWide/EK211-Dubai-Houston-Empty-3-UltraWide-GeminiGenerated.png
/Users/a44/Documents/dojo/dojo/Emirates Illustrations/boarding pass asset /EK213-Dubai-Miami-Empty-1-GeminiGenerated.png	/Users/a44/Documents/dojo/dojo/Emirates Illustrations/boarding pass asset /Miami/Standard/EK213-Dubai-Miami-Empty-1-GeminiGenerated.png
/Users/a44/Documents/dojo/dojo/Emirates Illustrations/boarding pass asset /EK213-Dubai-Miami-Empty-1-UltraWide-GeminiGenerated.png	/Users/a44/Documents/dojo/dojo/Emirates Illustrations/boarding pass asset /Miami/UltraWide/EK213-Dubai-Miami-Empty-1-UltraWide-GeminiGenerated.png
/Users/a44/Documents/dojo/dojo/Emirates Illustrations/boarding pass asset /EK213-Dubai-Miami-Empty-2-GeminiGenerated.png	/Users/a44/Documents/dojo/dojo/Emirates Illustrations/boarding pass asset /Miami/Standard/EK213-Dubai-Miami-Empty-2-GeminiGenerated.png
/Users/a44/Documents/dojo/dojo/Emirates Illustrations/boarding pass asset /EK213-Dubai-Miami-Empty-2-UltraWide-GeminiGenerated.png	/Users/a44/Documents/dojo/dojo/Emirates Illustrations/boarding pass asset /Miami/UltraWide/EK213-Dubai-Miami-Empty-2-UltraWide-GeminiGenerated.png
/Users/a44/Documents/dojo/dojo/Emirates Illustrations/boarding pass asset /EK213-Dubai-Miami-Empty-3-GeminiGenerated.png	/Users/a44/Documents/dojo/dojo/Emirates Illustrations/boarding pass asset /Miami/Standard/EK213-Dubai-Miami-Empty-3-GeminiGenerated.png
/Users/a44/Documents/dojo/dojo/Emirates Illustrations/boarding pass asset /EK213-Dubai-Miami-Empty-3-UltraWide-GeminiGenerated.png	/Users/a44/Documents/dojo/dojo/Emirates Illustrations/boarding pass asset /Miami/UltraWide/EK213-Dubai-Miami-Empty-3-UltraWide-GeminiGenerated.png
/Users/a44/Documents/dojo/dojo/Emirates Illustrations/boarding pass asset /EK215-Dubai-LosAngeles-Empty-1-GeminiGenerated.png	/Users/a44/Documents/dojo/dojo/Emirates Illustrations/boarding pass asset /LosAngeles/Standard/EK215-Dubai-LosAngeles-Empty-1-GeminiGenerated.png
/Users/a44/Documents/dojo/dojo/Emirates Illustrations/boarding pass asset /EK215-Dubai-LosAngeles-Empty-1-UltraWide-GeminiGenerated.png	/Users/a44/Documents/dojo/dojo/Emirates Illustrations/boarding pass asset /LosAngeles/UltraWide/EK215-Dubai-LosAngeles-Empty-1-UltraWide-GeminiGenerated.png
/Users/a44/Documents/dojo/dojo/Emirates Illustrations/boarding pass asset /EK215-Dubai-LosAngeles-Empty-2-GeminiGenerated.png	/Users/a44/Documents/dojo/dojo/Emirates Illustrations/boarding pass asset /LosAngeles/Standard/EK215-Dubai-LosAngeles-Empty-2-GeminiGenerated.png
/Users/a44/Documents/dojo/dojo/Emirates Illustrations/boarding pass asset /EK215-Dubai-LosAngeles-Empty-2-UltraWide-GeminiGenerated.png	/Users/a44/Documents/dojo/dojo/Emirates Illustrations/boarding pass asset /LosAngeles/UltraWide/EK215-Dubai-LosAngeles-Empty-2-UltraWide-GeminiGenerated.png
/Users/a44/Documents/dojo/dojo/Emirates Illustrations/boarding pass asset /EK215-Dubai-LosAngeles-Empty-3-GeminiGenerated.png	/Users/a44/Documents/dojo/dojo/Emirates Illustrations/boarding pass asset /LosAngeles/Standard/EK215-Dubai-LosAngeles-Empty-3-GeminiGenerated.png
/Users/a44/Documents/dojo/dojo/Emirates Illustrations/boarding pass asset /EK215-Dubai-LosAngeles-Empty-3-UltraWide-GeminiGenerated.png	/Users/a44/Documents/dojo/dojo/Emirates Illustrations/boarding pass asset /LosAngeles/UltraWide/EK215-Dubai-LosAngeles-Empty-3-UltraWide-GeminiGenerated.png
/Users/a44/Documents/dojo/dojo/Emirates Illustrations/boarding pass asset /EK219-Dubai-Orlando-Empty-1-GeminiGenerated.png	/Users/a44/Documents/dojo/dojo/Emirates Illustrations/boarding pass asset /Orlando/Standard/EK219-Dubai-Orlando-Empty-1-GeminiGenerated.png
/Users/a44/Documents/dojo/dojo/Emirates Illustrations/boarding pass asset /EK219-Dubai-Orlando-Empty-1-UltraWide-GeminiGenerated.png	/Users/a44/Documents/dojo/dojo/Emirates Illustrations/boarding pass asset /Orlando/UltraWide/EK219-Dubai-Orlando-Empty-1-UltraWide-GeminiGenerated.png
/Users/a44/Documents/dojo/dojo/Emirates Illustrations/boarding pass asset /EK219-Dubai-Orlando-Empty-2-GeminiGenerated.png	/Users/a44/Documents/dojo/dojo/Emirates Illustrations/boarding pass asset /Orlando/Standard/EK219-Dubai-Orlando-Empty-2-GeminiGenerated.png
/Users/a44/Documents/dojo/dojo/Emirates Illustrations/boarding pass asset /EK219-Dubai-Orlando-Empty-2-UltraWide-GeminiGenerated.png	/Users/a44/Documents/dojo/dojo/Emirates Illustrations/boarding pass asset /Orlando/UltraWide/EK219-Dubai-Orlando-Empty-2-UltraWide-GeminiGenerated.png
/Users/a44/Documents/dojo/dojo/Emirates Illustrations/boarding pass asset /EK219-Dubai-Orlando-Empty-3-GeminiGenerated.png	/Users/a44/Documents/dojo/dojo/Emirates Illustrations/boarding pass asset /Orlando/Standard/EK219-Dubai-Orlando-Empty-3-GeminiGenerated.png
/Users/a44/Documents/dojo/dojo/Emirates Illustrations/boarding pass asset /EK219-Dubai-Orlando-Empty-3-UltraWide-GeminiGenerated.png	/Users/a44/Documents/dojo/dojo/Emirates Illustrations/boarding pass asset /Orlando/UltraWide/EK219-Dubai-Orlando-Empty-3-UltraWide-GeminiGenerated.png
/Users/a44/Documents/dojo/dojo/Emirates Illustrations/boarding pass asset /EK221-Dubai-Dallas-Empty-1-GeminiGenerated.png	/Users/a44/Documents/dojo/dojo/Emirates Illustrations/boarding pass asset /Dallas/Standard/EK221-Dubai-Dallas-Empty-1-GeminiGenerated.png
/Users/a44/Documents/dojo/dojo/Emirates Illustrations/boarding pass asset /EK221-Dubai-Dallas-Empty-1-UltraWide-GeminiGenerated.png	/Users/a44/Documents/dojo/dojo/Emirates Illustrations/boarding pass asset /Dallas/UltraWide/EK221-Dubai-Dallas-Empty-1-UltraWide-GeminiGenerated.png
/Users/a44/Documents/dojo/dojo/Emirates Illustrations/boarding pass asset /EK221-Dubai-Dallas-Empty-2-GeminiGenerated.png	/Users/a44/Documents/dojo/dojo/Emirates Illustrations/boarding pass asset /Dallas/Standard/EK221-Dubai-Dallas-Empty-2-GeminiGenerated.png
/Users/a44/Documents/dojo/dojo/Emirates Illustrations/boarding pass asset /EK221-Dubai-Dallas-Empty-2-UltraWide-GeminiGenerated.png	/Users/a44/Documents/dojo/dojo/Emirates Illustrations/boarding pass asset /Dallas/UltraWide/EK221-Dubai-Dallas-Empty-2-UltraWide-GeminiGenerated.png
/Users/a44/Documents/dojo/dojo/Emirates Illustrations/boarding pass asset /EK221-Dubai-Dallas-Empty-3-GeminiGenerated.png	/Users/a44/Documents/dojo/dojo/Emirates Illustrations/boarding pass asset /Dallas/Standard/EK221-Dubai-Dallas-Empty-3-GeminiGenerated.png
/Users/a44/Documents/dojo/dojo/Emirates Illustrations/boarding pass asset /EK221-Dubai-Dallas-Empty-3-UltraWide-GeminiGenerated.png	/Users/a44/Documents/dojo/dojo/Emirates Illustrations/boarding pass asset /Dallas/UltraWide/EK221-Dubai-Dallas-Empty-3-UltraWide-GeminiGenerated.png
/Users/a44/Documents/dojo/dojo/Emirates Illustrations/boarding pass asset /EK225-Dubai-SanFrancisco-Empty-1-GeminiGenerated.png	/Users/a44/Documents/dojo/dojo/Emirates Illustrations/boarding pass asset /SanFrancisco/Standard/EK225-Dubai-SanFrancisco-Empty-1-GeminiGenerated.png
/Users/a44/Documents/dojo/dojo/Emirates Illustrations/boarding pass asset /EK225-Dubai-SanFrancisco-Empty-1-UltraWide-GeminiGenerated.png	/Users/a44/Documents/dojo/dojo/Emirates Illustrations/boarding pass asset /SanFrancisco/UltraWide/EK225-Dubai-SanFrancisco-Empty-1-UltraWide-GeminiGenerated.png
/Users/a44/Documents/dojo/dojo/Emirates Illustrations/boarding pass asset /EK225-Dubai-SanFrancisco-Empty-2-GeminiGenerated.png	/Users/a44/Documents/dojo/dojo/Emirates Illustrations/boarding pass asset /SanFrancisco/Standard/EK225-Dubai-SanFrancisco-Empty-2-GeminiGenerated.png
/Users/a44/Documents/dojo/dojo/Emirates Illustrations/boarding pass asset /EK225-Dubai-SanFrancisco-Empty-2-UltraWide-GeminiGenerated.png	/Users/a44/Documents/dojo/dojo/Emirates Illustrations/boarding pass asset /SanFrancisco/UltraWide/EK225-Dubai-SanFrancisco-Empty-2-UltraWide-GeminiGenerated.png
/Users/a44/Documents/dojo/dojo/Emirates Illustrations/boarding pass asset /EK225-Dubai-SanFrancisco-Empty-3-GeminiGenerated.png	/Users/a44/Documents/dojo/dojo/Emirates Illustrations/boarding pass asset /SanFrancisco/Standard/EK225-Dubai-SanFrancisco-Empty-3-GeminiGenerated.png
/Users/a44/Documents/dojo/dojo/Emirates Illustrations/boarding pass asset /EK225-Dubai-SanFrancisco-Empty-3-UltraWide-GeminiGenerated.png	/Users/a44/Documents/dojo/dojo/Emirates Illustrations/boarding pass asset /SanFrancisco/UltraWide/EK225-Dubai-SanFrancisco-Empty-3-UltraWide-GeminiGenerated.png
/Users/a44/Documents/dojo/dojo/Emirates Illustrations/boarding pass asset /EK229-Dubai-Seattle-Empty-1-GeminiGenerated.png	/Users/a44/Documents/dojo/dojo/Emirates Illustrations/boarding pass asset /Seattle/Standard/EK229-Dubai-Seattle-Empty-1-GeminiGenerated.png
/Users/a44/Documents/dojo/dojo/Emirates Illustrations/boarding pass asset /EK229-Dubai-Seattle-Empty-1-UltraWide-GeminiGenerated.png	/Users/a44/Documents/dojo/dojo/Emirates Illustrations/boarding pass asset /Seattle/UltraWide/EK229-Dubai-Seattle-Empty-1-UltraWide-GeminiGenerated.png
/Users/a44/Documents/dojo/dojo/Emirates Illustrations/boarding pass asset /EK229-Dubai-Seattle-Empty-2-GeminiGenerated.png	/Users/a44/Documents/dojo/dojo/Emirates Illustrations/boarding pass asset /Seattle/Standard/EK229-Dubai-Seattle-Empty-2-GeminiGenerated.png
/Users/a44/Documents/dojo/dojo/Emirates Illustrations/boarding pass asset /EK229-Dubai-Seattle-Empty-2-UltraWide-GeminiGenerated.png	/Users/a44/Documents/dojo/dojo/Emirates Illustrations/boarding pass asset /Seattle/UltraWide/EK229-Dubai-Seattle-Empty-2-UltraWide-GeminiGenerated.png
/Users/a44/Documents/dojo/dojo/Emirates Illustrations/boarding pass asset /EK229-Dubai-Seattle-Empty-3-GeminiGenerated.png	/Users/a44/Documents/dojo/dojo/Emirates Illustrations/boarding pass asset /Seattle/Standard/EK229-Dubai-Seattle-Empty-3-GeminiGenerated.png
/Users/a44/Documents/dojo/dojo/Emirates Illustrations/boarding pass asset /EK229-Dubai-Seattle-Empty-3-UltraWide-GeminiGenerated.png	/Users/a44/Documents/dojo/dojo/Emirates Illustrations/boarding pass asset /Seattle/UltraWide/EK229-Dubai-Seattle-Empty-3-UltraWide-GeminiGenerated.png
/Users/a44/Documents/dojo/dojo/Emirates Illustrations/boarding pass asset /EK23-Dubai-Edinburgh-Empty-1-GeminiGenerated.png	/Users/a44/Documents/dojo/dojo/Emirates Illustrations/boarding pass asset /Edinburgh/Standard/EK23-Dubai-Edinburgh-Empty-1-GeminiGenerated.png
/Users/a44/Documents/dojo/dojo/Emirates Illustrations/boarding pass asset /EK23-Dubai-Edinburgh-Empty-1-UltraWide-GeminiGenerated.png	/Users/a44/Documents/dojo/dojo/Emirates Illustrations/boarding pass asset /Edinburgh/UltraWide/EK23-Dubai-Edinburgh-Empty-1-UltraWide-GeminiGenerated.png
/Users/a44/Documents/dojo/dojo/Emirates Illustrations/boarding pass asset /EK23-Dubai-Edinburgh-Empty-2-GeminiGenerated.png	/Users/a44/Documents/dojo/dojo/Emirates Illustrations/boarding pass asset /Edinburgh/Standard/EK23-Dubai-Edinburgh-Empty-2-GeminiGenerated.png
/Users/a44/Documents/dojo/dojo/Emirates Illustrations/boarding pass asset /EK23-Dubai-Edinburgh-Empty-2-UltraWide-GeminiGenerated.png	/Users/a44/Documents/dojo/dojo/Emirates Illustrations/boarding pass asset /Edinburgh/UltraWide/EK23-Dubai-Edinburgh-Empty-2-UltraWide-GeminiGenerated.png
/Users/a44/Documents/dojo/dojo/Emirates Illustrations/boarding pass asset /EK23-Dubai-Edinburgh-Empty-3-GeminiGenerated.png	/Users/a44/Documents/dojo/dojo/Emirates Illustrations/boarding pass asset /Edinburgh/Standard/EK23-Dubai-Edinburgh-Empty-3-GeminiGenerated.png
/Users/a44/Documents/dojo/dojo/Emirates Illustrations/boarding pass asset /EK23-Dubai-Edinburgh-Empty-3-UltraWide-GeminiGenerated.png	/Users/a44/Documents/dojo/dojo/Emirates Illustrations/boarding pass asset /Edinburgh/UltraWide/EK23-Dubai-Edinburgh-Empty-3-UltraWide-GeminiGenerated.png
/Users/a44/Documents/dojo/dojo/Emirates Illustrations/boarding pass asset /EK231-Dubai-WashingtonDC-Empty-1-GeminiGenerated.png	/Users/a44/Documents/dojo/dojo/Emirates Illustrations/boarding pass asset /WashingtonDC/Standard/EK231-Dubai-WashingtonDC-Empty-1-GeminiGenerated.png
/Users/a44/Documents/dojo/dojo/Emirates Illustrations/boarding pass asset /EK231-Dubai-WashingtonDC-Empty-1-UltraWide-GeminiGenerated.png	/Users/a44/Documents/dojo/dojo/Emirates Illustrations/boarding pass asset /WashingtonDC/UltraWide/EK231-Dubai-WashingtonDC-Empty-1-UltraWide-GeminiGenerated.png
/Users/a44/Documents/dojo/dojo/Emirates Illustrations/boarding pass asset /EK231-Dubai-WashingtonDC-Empty-2-GeminiGenerated.png	/Users/a44/Documents/dojo/dojo/Emirates Illustrations/boarding pass asset /WashingtonDC/Standard/EK231-Dubai-WashingtonDC-Empty-2-GeminiGenerated.png
/Users/a44/Documents/dojo/dojo/Emirates Illustrations/boarding pass asset /EK231-Dubai-WashingtonDC-Empty-2-UltraWide-GeminiGenerated.png	/Users/a44/Documents/dojo/dojo/Emirates Illustrations/boarding pass asset /WashingtonDC/UltraWide/EK231-Dubai-WashingtonDC-Empty-2-UltraWide-GeminiGenerated.png
/Users/a44/Documents/dojo/dojo/Emirates Illustrations/boarding pass asset /EK231-Dubai-WashingtonDC-Empty-3-GeminiGenerated.png	/Users/a44/Documents/dojo/dojo/Emirates Illustrations/boarding pass asset /WashingtonDC/Standard/EK231-Dubai-WashingtonDC-Empty-3-GeminiGenerated.png
/Users/a44/Documents/dojo/dojo/Emirates Illustrations/boarding pass asset /EK231-Dubai-WashingtonDC-Empty-3-UltraWide-GeminiGenerated.png	/Users/a44/Documents/dojo/dojo/Emirates Illustrations/boarding pass asset /WashingtonDC/UltraWide/EK231-Dubai-WashingtonDC-Empty-3-UltraWide-GeminiGenerated.png
/Users/a44/Documents/dojo/dojo/Emirates Illustrations/boarding pass asset /EK235-Dubai-Chicago-Empty-1-GeminiGenerated.png	/Users/a44/Documents/dojo/dojo/Emirates Illustrations/boarding pass asset /Chicago/Standard/EK235-Dubai-Chicago-Empty-1-GeminiGenerated.png
/Users/a44/Documents/dojo/dojo/Emirates Illustrations/boarding pass asset /EK235-Dubai-Chicago-Empty-1-UltraWide-GeminiGenerated.png	/Users/a44/Documents/dojo/dojo/Emirates Illustrations/boarding pass asset /Chicago/UltraWide/EK235-Dubai-Chicago-Empty-1-UltraWide-GeminiGenerated.png
/Users/a44/Documents/dojo/dojo/Emirates Illustrations/boarding pass asset /EK235-Dubai-Chicago-Empty-2-GeminiGenerated.png	/Users/a44/Documents/dojo/dojo/Emirates Illustrations/boarding pass asset /Chicago/Standard/EK235-Dubai-Chicago-Empty-2-GeminiGenerated.png
/Users/a44/Documents/dojo/dojo/Emirates Illustrations/boarding pass asset /EK235-Dubai-Chicago-Empty-2-UltraWide-GeminiGenerated.png	/Users/a44/Documents/dojo/dojo/Emirates Illustrations/boarding pass asset /Chicago/UltraWide/EK235-Dubai-Chicago-Empty-2-UltraWide-GeminiGenerated.png
/Users/a44/Documents/dojo/dojo/Emirates Illustrations/boarding pass asset /EK235-Dubai-Chicago-Empty-3-GeminiGenerated.png	/Users/a44/Documents/dojo/dojo/Emirates Illustrations/boarding pass asset /Chicago/Standard/EK235-Dubai-Chicago-Empty-3-GeminiGenerated.png
/Users/a44/Documents/dojo/dojo/Emirates Illustrations/boarding pass asset /EK235-Dubai-Chicago-Empty-3-UltraWide-GeminiGenerated.png	/Users/a44/Documents/dojo/dojo/Emirates Illustrations/boarding pass asset /Chicago/UltraWide/EK235-Dubai-Chicago-Empty-3-UltraWide-GeminiGenerated.png
/Users/a44/Documents/dojo/dojo/Emirates Illustrations/boarding pass asset /EK237-Dubai-Boston-Empty-1-GeminiGenerated.png	/Users/a44/Documents/dojo/dojo/Emirates Illustrations/boarding pass asset /Boston/Standard/EK237-Dubai-Boston-Empty-1-GeminiGenerated.png
/Users/a44/Documents/dojo/dojo/Emirates Illustrations/boarding pass asset /EK237-Dubai-Boston-Empty-1-UltraWide-GeminiGenerated.png	/Users/a44/Documents/dojo/dojo/Emirates Illustrations/boarding pass asset /Boston/UltraWide/EK237-Dubai-Boston-Empty-1-UltraWide-GeminiGenerated.png
/Users/a44/Documents/dojo/dojo/Emirates Illustrations/boarding pass asset /EK237-Dubai-Boston-Empty-2-GeminiGenerated.png	/Users/a44/Documents/dojo/dojo/Emirates Illustrations/boarding pass asset /Boston/Standard/EK237-Dubai-Boston-Empty-2-GeminiGenerated.png
/Users/a44/Documents/dojo/dojo/Emirates Illustrations/boarding pass asset /EK237-Dubai-Boston-Empty-2-UltraWide-GeminiGenerated.png	/Users/a44/Documents/dojo/dojo/Emirates Illustrations/boarding pass asset /Boston/UltraWide/EK237-Dubai-Boston-Empty-2-UltraWide-GeminiGenerated.png
/Users/a44/Documents/dojo/dojo/Emirates Illustrations/boarding pass asset /EK237-Dubai-Boston-Empty-3-GeminiGenerated.png	/Users/a44/Documents/dojo/dojo/Emirates Illustrations/boarding pass asset /Boston/Standard/EK237-Dubai-Boston-Empty-3-GeminiGenerated.png
/Users/a44/Documents/dojo/dojo/Emirates Illustrations/boarding pass asset /EK237-Dubai-Boston-Empty-3-UltraWide-GeminiGenerated.png	/Users/a44/Documents/dojo/dojo/Emirates Illustrations/boarding pass asset /Boston/UltraWide/EK237-Dubai-Boston-Empty-3-UltraWide-GeminiGenerated.png
/Users/a44/Documents/dojo/dojo/Emirates Illustrations/boarding pass asset /EK241-Dubai-Toronto-Empty-1-GeminiGenerated.png	/Users/a44/Documents/dojo/dojo/Emirates Illustrations/boarding pass asset /Toronto/Standard/EK241-Dubai-Toronto-Empty-1-GeminiGenerated.png
/Users/a44/Documents/dojo/dojo/Emirates Illustrations/boarding pass asset /EK241-Dubai-Toronto-Empty-1-UltraWide-GeminiGenerated.png	/Users/a44/Documents/dojo/dojo/Emirates Illustrations/boarding pass asset /Toronto/UltraWide/EK241-Dubai-Toronto-Empty-1-UltraWide-GeminiGenerated.png
/Users/a44/Documents/dojo/dojo/Emirates Illustrations/boarding pass asset /EK241-Dubai-Toronto-Empty-2-GeminiGenerated.png	/Users/a44/Documents/dojo/dojo/Emirates Illustrations/boarding pass asset /Toronto/Standard/EK241-Dubai-Toronto-Empty-2-GeminiGenerated.png
/Users/a44/Documents/dojo/dojo/Emirates Illustrations/boarding pass asset /EK241-Dubai-Toronto-Empty-2-UltraWide-GeminiGenerated.png	/Users/a44/Documents/dojo/dojo/Emirates Illustrations/boarding pass asset /Toronto/UltraWide/EK241-Dubai-Toronto-Empty-2-UltraWide-GeminiGenerated.png
/Users/a44/Documents/dojo/dojo/Emirates Illustrations/boarding pass asset /EK241-Dubai-Toronto-Empty-3-GeminiGenerated.png	/Users/a44/Documents/dojo/dojo/Emirates Illustrations/boarding pass asset /Toronto/Standard/EK241-Dubai-Toronto-Empty-3-GeminiGenerated.png
/Users/a44/Documents/dojo/dojo/Emirates Illustrations/boarding pass asset /EK241-Dubai-Toronto-Empty-3-UltraWide-GeminiGenerated.png	/Users/a44/Documents/dojo/dojo/Emirates Illustrations/boarding pass asset /Toronto/UltraWide/EK241-Dubai-Toronto-Empty-3-UltraWide-GeminiGenerated.png
/Users/a44/Documents/dojo/dojo/Emirates Illustrations/boarding pass asset /EK243-Dubai-Montreal-Empty-1-GeminiGenerated.png	/Users/a44/Documents/dojo/dojo/Emirates Illustrations/boarding pass asset /Montreal/Standard/EK243-Dubai-Montreal-Empty-1-GeminiGenerated.png
/Users/a44/Documents/dojo/dojo/Emirates Illustrations/boarding pass asset /EK243-Dubai-Montreal-Empty-1-UltraWide-GeminiGenerated.png	/Users/a44/Documents/dojo/dojo/Emirates Illustrations/boarding pass asset /Montreal/UltraWide/EK243-Dubai-Montreal-Empty-1-UltraWide-GeminiGenerated.png
/Users/a44/Documents/dojo/dojo/Emirates Illustrations/boarding pass asset /EK243-Dubai-Montreal-Empty-2-GeminiGenerated.png	/Users/a44/Documents/dojo/dojo/Emirates Illustrations/boarding pass asset /Montreal/Standard/EK243-Dubai-Montreal-Empty-2-GeminiGenerated.png
/Users/a44/Documents/dojo/dojo/Emirates Illustrations/boarding pass asset /EK243-Dubai-Montreal-Empty-2-UltraWide-GeminiGenerated.png	/Users/a44/Documents/dojo/dojo/Emirates Illustrations/boarding pass asset /Montreal/UltraWide/EK243-Dubai-Montreal-Empty-2-UltraWide-GeminiGenerated.png
/Users/a44/Documents/dojo/dojo/Emirates Illustrations/boarding pass asset /EK243-Dubai-Montreal-Empty-3-GeminiGenerated.png	/Users/a44/Documents/dojo/dojo/Emirates Illustrations/boarding pass asset /Montreal/Standard/EK243-Dubai-Montreal-Empty-3-GeminiGenerated.png
/Users/a44/Documents/dojo/dojo/Emirates Illustrations/boarding pass asset /EK243-Dubai-Montreal-Empty-3-UltraWide-GeminiGenerated.png	/Users/a44/Documents/dojo/dojo/Emirates Illustrations/boarding pass asset /Montreal/UltraWide/EK243-Dubai-Montreal-Empty-3-UltraWide-GeminiGenerated.png
/Users/a44/Documents/dojo/dojo/Emirates Illustrations/boarding pass asset /EK247-Dubai-RioDeJaneiro-Empty-1-GeminiGenerated.png	/Users/a44/Documents/dojo/dojo/Emirates Illustrations/boarding pass asset /RioDeJaneiro/Standard/EK247-Dubai-RioDeJaneiro-Empty-1-GeminiGenerated.png
/Users/a44/Documents/dojo/dojo/Emirates Illustrations/boarding pass asset /EK247-Dubai-RioDeJaneiro-Empty-1-UltraWide-GeminiGenerated.png	/Users/a44/Documents/dojo/dojo/Emirates Illustrations/boarding pass asset /RioDeJaneiro/UltraWide/EK247-Dubai-RioDeJaneiro-Empty-1-UltraWide-GeminiGenerated.png
/Users/a44/Documents/dojo/dojo/Emirates Illustrations/boarding pass asset /EK247-Dubai-RioDeJaneiro-Empty-2-GeminiGenerated.png	/Users/a44/Documents/dojo/dojo/Emirates Illustrations/boarding pass asset /RioDeJaneiro/Standard/EK247-Dubai-RioDeJaneiro-Empty-2-GeminiGenerated.png
/Users/a44/Documents/dojo/dojo/Emirates Illustrations/boarding pass asset /EK247-Dubai-RioDeJaneiro-Empty-2-UltraWide-GeminiGenerated.png	/Users/a44/Documents/dojo/dojo/Emirates Illustrations/boarding pass asset /RioDeJaneiro/UltraWide/EK247-Dubai-RioDeJaneiro-Empty-2-UltraWide-GeminiGenerated.png
/Users/a44/Documents/dojo/dojo/Emirates Illustrations/boarding pass asset /EK247-Dubai-RioDeJaneiro-Empty-3-GeminiGenerated.png	/Users/a44/Documents/dojo/dojo/Emirates Illustrations/boarding pass asset /RioDeJaneiro/Standard/EK247-Dubai-RioDeJaneiro-Empty-3-GeminiGenerated.png
/Users/a44/Documents/dojo/dojo/Emirates Illustrations/boarding pass asset /EK247-Dubai-RioDeJaneiro-Empty-3-UltraWide-GeminiGenerated.png	/Users/a44/Documents/dojo/dojo/Emirates Illustrations/boarding pass asset /RioDeJaneiro/UltraWide/EK247-Dubai-RioDeJaneiro-Empty-3-UltraWide-GeminiGenerated.png
/Users/a44/Documents/dojo/dojo/Emirates Illustrations/boarding pass asset /EK261-Dubai-SaoPaulo-Empty-1-GeminiGenerated.png	/Users/a44/Documents/dojo/dojo/Emirates Illustrations/boarding pass asset /SaoPaulo/Standard/EK261-Dubai-SaoPaulo-Empty-1-GeminiGenerated.png
/Users/a44/Documents/dojo/dojo/Emirates Illustrations/boarding pass asset /EK261-Dubai-SaoPaulo-Empty-1-UltraWide-GeminiGenerated.png	/Users/a44/Documents/dojo/dojo/Emirates Illustrations/boarding pass asset /SaoPaulo/UltraWide/EK261-Dubai-SaoPaulo-Empty-1-UltraWide-GeminiGenerated.png
/Users/a44/Documents/dojo/dojo/Emirates Illustrations/boarding pass asset /EK261-Dubai-SaoPaulo-Empty-2-GeminiGenerated.png	/Users/a44/Documents/dojo/dojo/Emirates Illustrations/boarding pass asset /SaoPaulo/Standard/EK261-Dubai-SaoPaulo-Empty-2-GeminiGenerated.png
/Users/a44/Documents/dojo/dojo/Emirates Illustrations/boarding pass asset /EK261-Dubai-SaoPaulo-Empty-2-UltraWide-GeminiGenerated.png	/Users/a44/Documents/dojo/dojo/Emirates Illustrations/boarding pass asset /SaoPaulo/UltraWide/EK261-Dubai-SaoPaulo-Empty-2-UltraWide-GeminiGenerated.png
/Users/a44/Documents/dojo/dojo/Emirates Illustrations/boarding pass asset /EK261-Dubai-SaoPaulo-Empty-3-GeminiGenerated.png	/Users/a44/Documents/dojo/dojo/Emirates Illustrations/boarding pass asset /SaoPaulo/Standard/EK261-Dubai-SaoPaulo-Empty-3-GeminiGenerated.png
/Users/a44/Documents/dojo/dojo/Emirates Illustrations/boarding pass asset /EK261-Dubai-SaoPaulo-Empty-3-UltraWide-GeminiGenerated.png	/Users/a44/Documents/dojo/dojo/Emirates Illustrations/boarding pass asset /SaoPaulo/UltraWide/EK261-Dubai-SaoPaulo-Empty-3-UltraWide-GeminiGenerated.png
/Users/a44/Documents/dojo/dojo/Emirates Illustrations/boarding pass asset /EK27-Dubai-Glasgow-Empty-1-GeminiGenerated.png	/Users/a44/Documents/dojo/dojo/Emirates Illustrations/boarding pass asset /Glasgow/Standard/EK27-Dubai-Glasgow-Empty-1-GeminiGenerated.png
/Users/a44/Documents/dojo/dojo/Emirates Illustrations/boarding pass asset /EK27-Dubai-Glasgow-Empty-1-UltraWide-GeminiGenerated.png	/Users/a44/Documents/dojo/dojo/Emirates Illustrations/boarding pass asset /Glasgow/UltraWide/EK27-Dubai-Glasgow-Empty-1-UltraWide-GeminiGenerated.png
/Users/a44/Documents/dojo/dojo/Emirates Illustrations/boarding pass asset /EK27-Dubai-Glasgow-Empty-2-GeminiGenerated.png	/Users/a44/Documents/dojo/dojo/Emirates Illustrations/boarding pass asset /Glasgow/Standard/EK27-Dubai-Glasgow-Empty-2-GeminiGenerated.png
/Users/a44/Documents/dojo/dojo/Emirates Illustrations/boarding pass asset /EK27-Dubai-Glasgow-Empty-2-UltraWide-GeminiGenerated.png	/Users/a44/Documents/dojo/dojo/Emirates Illustrations/boarding pass asset /Glasgow/UltraWide/EK27-Dubai-Glasgow-Empty-2-UltraWide-GeminiGenerated.png
/Users/a44/Documents/dojo/dojo/Emirates Illustrations/boarding pass asset /EK27-Dubai-Glasgow-Empty-3-GeminiGenerated.png	/Users/a44/Documents/dojo/dojo/Emirates Illustrations/boarding pass asset /Glasgow/Standard/EK27-Dubai-Glasgow-Empty-3-GeminiGenerated.png
/Users/a44/Documents/dojo/dojo/Emirates Illustrations/boarding pass asset /EK27-Dubai-Glasgow-Empty-3-UltraWide-GeminiGenerated.png	/Users/a44/Documents/dojo/dojo/Emirates Illustrations/boarding pass asset /Glasgow/UltraWide/EK27-Dubai-Glasgow-Empty-3-UltraWide-GeminiGenerated.png
/Users/a44/Documents/dojo/dojo/Emirates Illustrations/boarding pass asset /EK304-Dubai-Shanghai-Empty-1-GeminiGenerated.png	/Users/a44/Documents/dojo/dojo/Emirates Illustrations/boarding pass asset /Shanghai/Standard/EK304-Dubai-Shanghai-Empty-1-GeminiGenerated.png
/Users/a44/Documents/dojo/dojo/Emirates Illustrations/boarding pass asset /EK304-Dubai-Shanghai-Empty-1-UltraWide-GeminiGenerated.png	/Users/a44/Documents/dojo/dojo/Emirates Illustrations/boarding pass asset /Shanghai/UltraWide/EK304-Dubai-Shanghai-Empty-1-UltraWide-GeminiGenerated.png
/Users/a44/Documents/dojo/dojo/Emirates Illustrations/boarding pass asset /EK304-Dubai-Shanghai-Empty-2-GeminiGenerated.png	/Users/a44/Documents/dojo/dojo/Emirates Illustrations/boarding pass asset /Shanghai/Standard/EK304-Dubai-Shanghai-Empty-2-GeminiGenerated.png
/Users/a44/Documents/dojo/dojo/Emirates Illustrations/boarding pass asset /EK304-Dubai-Shanghai-Empty-2-UltraWide-GeminiGenerated.png	/Users/a44/Documents/dojo/dojo/Emirates Illustrations/boarding pass asset /Shanghai/UltraWide/EK304-Dubai-Shanghai-Empty-2-UltraWide-GeminiGenerated.png
/Users/a44/Documents/dojo/dojo/Emirates Illustrations/boarding pass asset /EK304-Dubai-Shanghai-Empty-3-GeminiGenerated.png	/Users/a44/Documents/dojo/dojo/Emirates Illustrations/boarding pass asset /Shanghai/Standard/EK304-Dubai-Shanghai-Empty-3-GeminiGenerated.png
/Users/a44/Documents/dojo/dojo/Emirates Illustrations/boarding pass asset /EK304-Dubai-Shanghai-Empty-3-UltraWide-GeminiGenerated.png	/Users/a44/Documents/dojo/dojo/Emirates Illustrations/boarding pass asset /Shanghai/UltraWide/EK304-Dubai-Shanghai-Empty-3-UltraWide-GeminiGenerated.png
/Users/a44/Documents/dojo/dojo/Emirates Illustrations/boarding pass asset /EK306-Dubai-Beijing-Empty-1-GeminiGenerated.png	/Users/a44/Documents/dojo/dojo/Emirates Illustrations/boarding pass asset /Beijing/Standard/EK306-Dubai-Beijing-Empty-1-GeminiGenerated.png
/Users/a44/Documents/dojo/dojo/Emirates Illustrations/boarding pass asset /EK306-Dubai-Beijing-Empty-1-UltraWide-GeminiGenerated.png	/Users/a44/Documents/dojo/dojo/Emirates Illustrations/boarding pass asset /Beijing/UltraWide/EK306-Dubai-Beijing-Empty-1-UltraWide-GeminiGenerated.png
/Users/a44/Documents/dojo/dojo/Emirates Illustrations/boarding pass asset /EK306-Dubai-Beijing-Empty-2-GeminiGenerated.png	/Users/a44/Documents/dojo/dojo/Emirates Illustrations/boarding pass asset /Beijing/Standard/EK306-Dubai-Beijing-Empty-2-GeminiGenerated.png
/Users/a44/Documents/dojo/dojo/Emirates Illustrations/boarding pass asset /EK306-Dubai-Beijing-Empty-2-UltraWide-GeminiGenerated.png	/Users/a44/Documents/dojo/dojo/Emirates Illustrations/boarding pass asset /Beijing/UltraWide/EK306-Dubai-Beijing-Empty-2-UltraWide-GeminiGenerated.png
/Users/a44/Documents/dojo/dojo/Emirates Illustrations/boarding pass asset /EK306-Dubai-Beijing-Empty-3-GeminiGenerated.png	/Users/a44/Documents/dojo/dojo/Emirates Illustrations/boarding pass asset /Beijing/Standard/EK306-Dubai-Beijing-Empty-3-GeminiGenerated.png
/Users/a44/Documents/dojo/dojo/Emirates Illustrations/boarding pass asset /EK306-Dubai-Beijing-Empty-3-UltraWide-GeminiGenerated.png	/Users/a44/Documents/dojo/dojo/Emirates Illustrations/boarding pass asset /Beijing/UltraWide/EK306-Dubai-Beijing-Empty-3-UltraWide-GeminiGenerated.png
/Users/a44/Documents/dojo/dojo/Emirates Illustrations/boarding pass asset /EK310-Dubai-Hangzhou-Empty-1-GeminiGenerated.png	/Users/a44/Documents/dojo/dojo/Emirates Illustrations/boarding pass asset /Hangzhou/Standard/EK310-Dubai-Hangzhou-Empty-1-GeminiGenerated.png
/Users/a44/Documents/dojo/dojo/Emirates Illustrations/boarding pass asset /EK310-Dubai-Hangzhou-Empty-1-UltraWide-GeminiGenerated.png	/Users/a44/Documents/dojo/dojo/Emirates Illustrations/boarding pass asset /Hangzhou/UltraWide/EK310-Dubai-Hangzhou-Empty-1-UltraWide-GeminiGenerated.png
/Users/a44/Documents/dojo/dojo/Emirates Illustrations/boarding pass asset /EK310-Dubai-Hangzhou-Empty-2-GeminiGenerated.png	/Users/a44/Documents/dojo/dojo/Emirates Illustrations/boarding pass asset /Hangzhou/Standard/EK310-Dubai-Hangzhou-Empty-2-GeminiGenerated.png
/Users/a44/Documents/dojo/dojo/Emirates Illustrations/boarding pass asset /EK310-Dubai-Hangzhou-Empty-2-UltraWide-GeminiGenerated.png	/Users/a44/Documents/dojo/dojo/Emirates Illustrations/boarding pass asset /Hangzhou/UltraWide/EK310-Dubai-Hangzhou-Empty-2-UltraWide-GeminiGenerated.png
/Users/a44/Documents/dojo/dojo/Emirates Illustrations/boarding pass asset /EK310-Dubai-Hangzhou-Empty-3-GeminiGenerated.png	/Users/a44/Documents/dojo/dojo/Emirates Illustrations/boarding pass asset /Hangzhou/Standard/EK310-Dubai-Hangzhou-Empty-3-GeminiGenerated.png
/Users/a44/Documents/dojo/dojo/Emirates Illustrations/boarding pass asset /EK310-Dubai-Hangzhou-Empty-3-UltraWide-GeminiGenerated.png	/Users/a44/Documents/dojo/dojo/Emirates Illustrations/boarding pass asset /Hangzhou/UltraWide/EK310-Dubai-Hangzhou-Empty-3-UltraWide-GeminiGenerated.png
/Users/a44/Documents/dojo/dojo/Emirates Illustrations/boarding pass asset /EK312-Dubai-Tokyo-HND-Empty-1-GeminiGenerated.png	/Users/a44/Documents/dojo/dojo/Emirates Illustrations/boarding pass asset /Tokyo/Standard/EK312-Dubai-Tokyo-HND-Empty-1-GeminiGenerated.png
/Users/a44/Documents/dojo/dojo/Emirates Illustrations/boarding pass asset /EK312-Dubai-Tokyo-HND-Empty-1-UltraWide-GeminiGenerated.png	/Users/a44/Documents/dojo/dojo/Emirates Illustrations/boarding pass asset /Tokyo/UltraWide/EK312-Dubai-Tokyo-HND-Empty-1-UltraWide-GeminiGenerated.png
/Users/a44/Documents/dojo/dojo/Emirates Illustrations/boarding pass asset /EK312-Dubai-Tokyo-HND-Empty-2-GeminiGenerated.png	/Users/a44/Documents/dojo/dojo/Emirates Illustrations/boarding pass asset /Tokyo/Standard/EK312-Dubai-Tokyo-HND-Empty-2-GeminiGenerated.png
/Users/a44/Documents/dojo/dojo/Emirates Illustrations/boarding pass asset /EK312-Dubai-Tokyo-HND-Empty-2-UltraWide-GeminiGenerated.png	/Users/a44/Documents/dojo/dojo/Emirates Illustrations/boarding pass asset /Tokyo/UltraWide/EK312-Dubai-Tokyo-HND-Empty-2-UltraWide-GeminiGenerated.png
/Users/a44/Documents/dojo/dojo/Emirates Illustrations/boarding pass asset /EK312-Dubai-Tokyo-HND-Empty-3-GeminiGenerated.png	/Users/a44/Documents/dojo/dojo/Emirates Illustrations/boarding pass asset /Tokyo/Standard/EK312-Dubai-Tokyo-HND-Empty-3-GeminiGenerated.png
/Users/a44/Documents/dojo/dojo/Emirates Illustrations/boarding pass asset /EK312-Dubai-Tokyo-HND-Empty-3-UltraWide-GeminiGenerated.png	/Users/a44/Documents/dojo/dojo/Emirates Illustrations/boarding pass asset /Tokyo/UltraWide/EK312-Dubai-Tokyo-HND-Empty-3-UltraWide-GeminiGenerated.png
/Users/a44/Documents/dojo/dojo/Emirates Illustrations/boarding pass asset /EK316-Dubai-Osaka-Empty-1-GeminiGenerated.png	/Users/a44/Documents/dojo/dojo/Emirates Illustrations/boarding pass asset /Osaka/Standard/EK316-Dubai-Osaka-Empty-1-GeminiGenerated.png
/Users/a44/Documents/dojo/dojo/Emirates Illustrations/boarding pass asset /EK316-Dubai-Osaka-Empty-1-UltraWide-GeminiGenerated.png	/Users/a44/Documents/dojo/dojo/Emirates Illustrations/boarding pass asset /Osaka/UltraWide/EK316-Dubai-Osaka-Empty-1-UltraWide-GeminiGenerated.png
/Users/a44/Documents/dojo/dojo/Emirates Illustrations/boarding pass asset /EK316-Dubai-Osaka-Empty-2-GeminiGenerated.png	/Users/a44/Documents/dojo/dojo/Emirates Illustrations/boarding pass asset /Osaka/Standard/EK316-Dubai-Osaka-Empty-2-GeminiGenerated.png
/Users/a44/Documents/dojo/dojo/Emirates Illustrations/boarding pass asset /EK316-Dubai-Osaka-Empty-2-UltraWide-GeminiGenerated.png	/Users/a44/Documents/dojo/dojo/Emirates Illustrations/boarding pass asset /Osaka/UltraWide/EK316-Dubai-Osaka-Empty-2-UltraWide-GeminiGenerated.png
/Users/a44/Documents/dojo/dojo/Emirates Illustrations/boarding pass asset /EK316-Dubai-Osaka-Empty-3-GeminiGenerated.png	/Users/a44/Documents/dojo/dojo/Emirates Illustrations/boarding pass asset /Osaka/Standard/EK316-Dubai-Osaka-Empty-3-GeminiGenerated.png
/Users/a44/Documents/dojo/dojo/Emirates Illustrations/boarding pass asset /EK316-Dubai-Osaka-Empty-3-UltraWide-GeminiGenerated.png	/Users/a44/Documents/dojo/dojo/Emirates Illustrations/boarding pass asset /Osaka/UltraWide/EK316-Dubai-Osaka-Empty-3-UltraWide-GeminiGenerated.png
/Users/a44/Documents/dojo/dojo/Emirates Illustrations/boarding pass asset /EK318-Dubai-Tokyo-NRT-Empty-1-GeminiGenerated.png	/Users/a44/Documents/dojo/dojo/Emirates Illustrations/boarding pass asset /Tokyo/Standard/EK318-Dubai-Tokyo-NRT-Empty-1-GeminiGenerated.png
/Users/a44/Documents/dojo/dojo/Emirates Illustrations/boarding pass asset /EK318-Dubai-Tokyo-NRT-Empty-1-UltraWide-GeminiGenerated.png	/Users/a44/Documents/dojo/dojo/Emirates Illustrations/boarding pass asset /Tokyo/UltraWide/EK318-Dubai-Tokyo-NRT-Empty-1-UltraWide-GeminiGenerated.png
/Users/a44/Documents/dojo/dojo/Emirates Illustrations/boarding pass asset /EK318-Dubai-Tokyo-NRT-Empty-2-GeminiGenerated.png	/Users/a44/Documents/dojo/dojo/Emirates Illustrations/boarding pass asset /Tokyo/Standard/EK318-Dubai-Tokyo-NRT-Empty-2-GeminiGenerated.png
/Users/a44/Documents/dojo/dojo/Emirates Illustrations/boarding pass asset /EK318-Dubai-Tokyo-NRT-Empty-2-UltraWide-GeminiGenerated.png	/Users/a44/Documents/dojo/dojo/Emirates Illustrations/boarding pass asset /Tokyo/UltraWide/EK318-Dubai-Tokyo-NRT-Empty-2-UltraWide-GeminiGenerated.png
/Users/a44/Documents/dojo/dojo/Emirates Illustrations/boarding pass asset /EK318-Dubai-Tokyo-NRT-Empty-3-GeminiGenerated.png	/Users/a44/Documents/dojo/dojo/Emirates Illustrations/boarding pass asset /Tokyo/Standard/EK318-Dubai-Tokyo-NRT-Empty-3-GeminiGenerated.png
/Users/a44/Documents/dojo/dojo/Emirates Illustrations/boarding pass asset /EK318-Dubai-Tokyo-NRT-Empty-3-UltraWide-GeminiGenerated.png	/Users/a44/Documents/dojo/dojo/Emirates Illustrations/boarding pass asset /Tokyo/UltraWide/EK318-Dubai-Tokyo-NRT-Empty-3-UltraWide-GeminiGenerated.png
/Users/a44/Documents/dojo/dojo/Emirates Illustrations/boarding pass asset /EK322-Dubai-Seoul-Empty-1-GeminiGenerated.png	/Users/a44/Documents/dojo/dojo/Emirates Illustrations/boarding pass asset /Seoul/Standard/EK322-Dubai-Seoul-Empty-1-GeminiGenerated.png
/Users/a44/Documents/dojo/dojo/Emirates Illustrations/boarding pass asset /EK322-Dubai-Seoul-Empty-1-UltraWide-GeminiGenerated.png	/Users/a44/Documents/dojo/dojo/Emirates Illustrations/boarding pass asset /Seoul/UltraWide/EK322-Dubai-Seoul-Empty-1-UltraWide-GeminiGenerated.png
/Users/a44/Documents/dojo/dojo/Emirates Illustrations/boarding pass asset /EK322-Dubai-Seoul-Empty-2-GeminiGenerated.png	/Users/a44/Documents/dojo/dojo/Emirates Illustrations/boarding pass asset /Seoul/Standard/EK322-Dubai-Seoul-Empty-2-GeminiGenerated.png
/Users/a44/Documents/dojo/dojo/Emirates Illustrations/boarding pass asset /EK322-Dubai-Seoul-Empty-2-UltraWide-GeminiGenerated.png	/Users/a44/Documents/dojo/dojo/Emirates Illustrations/boarding pass asset /Seoul/UltraWide/EK322-Dubai-Seoul-Empty-2-UltraWide-GeminiGenerated.png
/Users/a44/Documents/dojo/dojo/Emirates Illustrations/boarding pass asset /EK322-Dubai-Seoul-Empty-3-GeminiGenerated.png	/Users/a44/Documents/dojo/dojo/Emirates Illustrations/boarding pass asset /Seoul/Standard/EK322-Dubai-Seoul-Empty-3-GeminiGenerated.png
/Users/a44/Documents/dojo/dojo/Emirates Illustrations/boarding pass asset /EK322-Dubai-Seoul-Empty-3-UltraWide-GeminiGenerated.png	/Users/a44/Documents/dojo/dojo/Emirates Illustrations/boarding pass asset /Seoul/UltraWide/EK322-Dubai-Seoul-Empty-3-UltraWide-GeminiGenerated.png
/Users/a44/Documents/dojo/dojo/Emirates Illustrations/boarding pass asset /EK328-Dubai-Shenzhen-Empty-1-GeminiGenerated.png	/Users/a44/Documents/dojo/dojo/Emirates Illustrations/boarding pass asset /Shenzhen/Standard/EK328-Dubai-Shenzhen-Empty-1-GeminiGenerated.png
/Users/a44/Documents/dojo/dojo/Emirates Illustrations/boarding pass asset /EK328-Dubai-Shenzhen-Empty-1-UltraWide-GeminiGenerated.png	/Users/a44/Documents/dojo/dojo/Emirates Illustrations/boarding pass asset /Shenzhen/UltraWide/EK328-Dubai-Shenzhen-Empty-1-UltraWide-GeminiGenerated.png
/Users/a44/Documents/dojo/dojo/Emirates Illustrations/boarding pass asset /EK328-Dubai-Shenzhen-Empty-2-GeminiGenerated.png	/Users/a44/Documents/dojo/dojo/Emirates Illustrations/boarding pass asset /Shenzhen/Standard/EK328-Dubai-Shenzhen-Empty-2-GeminiGenerated.png
/Users/a44/Documents/dojo/dojo/Emirates Illustrations/boarding pass asset /EK328-Dubai-Shenzhen-Empty-2-UltraWide-GeminiGenerated.png	/Users/a44/Documents/dojo/dojo/Emirates Illustrations/boarding pass asset /Shenzhen/UltraWide/EK328-Dubai-Shenzhen-Empty-2-UltraWide-GeminiGenerated.png
/Users/a44/Documents/dojo/dojo/Emirates Illustrations/boarding pass asset /EK328-Dubai-Shenzhen-Empty-3-GeminiGenerated.png	/Users/a44/Documents/dojo/dojo/Emirates Illustrations/boarding pass asset /Shenzhen/Standard/EK328-Dubai-Shenzhen-Empty-3-GeminiGenerated.png
/Users/a44/Documents/dojo/dojo/Emirates Illustrations/boarding pass asset /EK328-Dubai-Shenzhen-Empty-3-UltraWide-GeminiGenerated.png	/Users/a44/Documents/dojo/dojo/Emirates Illustrations/boarding pass asset /Shenzhen/UltraWide/EK328-Dubai-Shenzhen-Empty-3-UltraWide-GeminiGenerated.png
/Users/a44/Documents/dojo/dojo/Emirates Illustrations/boarding pass asset /EK334-Dubai-Manila-Empty-1-GeminiGenerated.png	/Users/a44/Documents/dojo/dojo/Emirates Illustrations/boarding pass asset /Manila/Standard/EK334-Dubai-Manila-Empty-1-GeminiGenerated.png
/Users/a44/Documents/dojo/dojo/Emirates Illustrations/boarding pass asset /EK334-Dubai-Manila-Empty-1-UltraWide-GeminiGenerated.png	/Users/a44/Documents/dojo/dojo/Emirates Illustrations/boarding pass asset /Manila/UltraWide/EK334-Dubai-Manila-Empty-1-UltraWide-GeminiGenerated.png
/Users/a44/Documents/dojo/dojo/Emirates Illustrations/boarding pass asset /EK334-Dubai-Manila-Empty-2-GeminiGenerated.png	/Users/a44/Documents/dojo/dojo/Emirates Illustrations/boarding pass asset /Manila/Standard/EK334-Dubai-Manila-Empty-2-GeminiGenerated.png
/Users/a44/Documents/dojo/dojo/Emirates Illustrations/boarding pass asset /EK334-Dubai-Manila-Empty-2-UltraWide-GeminiGenerated.png	/Users/a44/Documents/dojo/dojo/Emirates Illustrations/boarding pass asset /Manila/UltraWide/EK334-Dubai-Manila-Empty-2-UltraWide-GeminiGenerated.png
/Users/a44/Documents/dojo/dojo/Emirates Illustrations/boarding pass asset /EK334-Dubai-Manila-Empty-3-GeminiGenerated.png	/Users/a44/Documents/dojo/dojo/Emirates Illustrations/boarding pass asset /Manila/Standard/EK334-Dubai-Manila-Empty-3-GeminiGenerated.png
/Users/a44/Documents/dojo/dojo/Emirates Illustrations/boarding pass asset /EK334-Dubai-Manila-Empty-3-UltraWide-GeminiGenerated.png	/Users/a44/Documents/dojo/dojo/Emirates Illustrations/boarding pass asset /Manila/UltraWide/EK334-Dubai-Manila-Empty-3-UltraWide-GeminiGenerated.png
/Users/a44/Documents/dojo/dojo/Emirates Illustrations/boarding pass asset /EK338-Dubai-Cebu-Empty-1-GeminiGenerated.png	/Users/a44/Documents/dojo/dojo/Emirates Illustrations/boarding pass asset /Cebu/Standard/EK338-Dubai-Cebu-Empty-1-GeminiGenerated.png
/Users/a44/Documents/dojo/dojo/Emirates Illustrations/boarding pass asset /EK338-Dubai-Cebu-Empty-1-UltraWide-GeminiGenerated.png	/Users/a44/Documents/dojo/dojo/Emirates Illustrations/boarding pass asset /Cebu/UltraWide/EK338-Dubai-Cebu-Empty-1-UltraWide-GeminiGenerated.png
/Users/a44/Documents/dojo/dojo/Emirates Illustrations/boarding pass asset /EK338-Dubai-Cebu-Empty-2-GeminiGenerated.png	/Users/a44/Documents/dojo/dojo/Emirates Illustrations/boarding pass asset /Cebu/Standard/EK338-Dubai-Cebu-Empty-2-GeminiGenerated.png
/Users/a44/Documents/dojo/dojo/Emirates Illustrations/boarding pass asset /EK338-Dubai-Cebu-Empty-2-UltraWide-GeminiGenerated.png	/Users/a44/Documents/dojo/dojo/Emirates Illustrations/boarding pass asset /Cebu/UltraWide/EK338-Dubai-Cebu-Empty-2-UltraWide-GeminiGenerated.png
/Users/a44/Documents/dojo/dojo/Emirates Illustrations/boarding pass asset /EK338-Dubai-Cebu-Empty-3-GeminiGenerated.png	/Users/a44/Documents/dojo/dojo/Emirates Illustrations/boarding pass asset /Cebu/Standard/EK338-Dubai-Cebu-Empty-3-GeminiGenerated.png
/Users/a44/Documents/dojo/dojo/Emirates Illustrations/boarding pass asset /EK338-Dubai-Cebu-Empty-3-UltraWide-GeminiGenerated.png	/Users/a44/Documents/dojo/dojo/Emirates Illustrations/boarding pass asset /Cebu/UltraWide/EK338-Dubai-Cebu-Empty-3-UltraWide-GeminiGenerated.png
/Users/a44/Documents/dojo/dojo/Emirates Illustrations/boarding pass asset /EK342-Dubai-KualaLumpur-Empty-1-GeminiGenerated.png	/Users/a44/Documents/dojo/dojo/Emirates Illustrations/boarding pass asset /KualaLumpur/Standard/EK342-Dubai-KualaLumpur-Empty-1-GeminiGenerated.png
/Users/a44/Documents/dojo/dojo/Emirates Illustrations/boarding pass asset /EK342-Dubai-KualaLumpur-Empty-1-UltraWide-GeminiGenerated.png	/Users/a44/Documents/dojo/dojo/Emirates Illustrations/boarding pass asset /KualaLumpur/UltraWide/EK342-Dubai-KualaLumpur-Empty-1-UltraWide-GeminiGenerated.png
/Users/a44/Documents/dojo/dojo/Emirates Illustrations/boarding pass asset /EK342-Dubai-KualaLumpur-Empty-2-GeminiGenerated.png	/Users/a44/Documents/dojo/dojo/Emirates Illustrations/boarding pass asset /KualaLumpur/Standard/EK342-Dubai-KualaLumpur-Empty-2-GeminiGenerated.png
/Users/a44/Documents/dojo/dojo/Emirates Illustrations/boarding pass asset /EK342-Dubai-KualaLumpur-Empty-2-UltraWide-GeminiGenerated.png	/Users/a44/Documents/dojo/dojo/Emirates Illustrations/boarding pass asset /KualaLumpur/UltraWide/EK342-Dubai-KualaLumpur-Empty-2-UltraWide-GeminiGenerated.png
/Users/a44/Documents/dojo/dojo/Emirates Illustrations/boarding pass asset /EK342-Dubai-KualaLumpur-Empty-3-GeminiGenerated.png	/Users/a44/Documents/dojo/dojo/Emirates Illustrations/boarding pass asset /KualaLumpur/Standard/EK342-Dubai-KualaLumpur-Empty-3-GeminiGenerated.png
/Users/a44/Documents/dojo/dojo/Emirates Illustrations/boarding pass asset /EK342-Dubai-KualaLumpur-Empty-3-UltraWide-GeminiGenerated.png	/Users/a44/Documents/dojo/dojo/Emirates Illustrations/boarding pass asset /KualaLumpur/UltraWide/EK342-Dubai-KualaLumpur-Empty-3-UltraWide-GeminiGenerated.png
/Users/a44/Documents/dojo/dojo/Emirates Illustrations/boarding pass asset /EK35-Dubai-Newcastle-Empty-1-GeminiGenerated.png	/Users/a44/Documents/dojo/dojo/Emirates Illustrations/boarding pass asset /Newcastle/Standard/EK35-Dubai-Newcastle-Empty-1-GeminiGenerated.png
/Users/a44/Documents/dojo/dojo/Emirates Illustrations/boarding pass asset /EK35-Dubai-Newcastle-Empty-1-UltraWide-GeminiGenerated.png	/Users/a44/Documents/dojo/dojo/Emirates Illustrations/boarding pass asset /Newcastle/UltraWide/EK35-Dubai-Newcastle-Empty-1-UltraWide-GeminiGenerated.png
/Users/a44/Documents/dojo/dojo/Emirates Illustrations/boarding pass asset /EK35-Dubai-Newcastle-Empty-2-GeminiGenerated.png	/Users/a44/Documents/dojo/dojo/Emirates Illustrations/boarding pass asset /Newcastle/Standard/EK35-Dubai-Newcastle-Empty-2-GeminiGenerated.png
/Users/a44/Documents/dojo/dojo/Emirates Illustrations/boarding pass asset /EK35-Dubai-Newcastle-Empty-2-UltraWide-GeminiGenerated.png	/Users/a44/Documents/dojo/dojo/Emirates Illustrations/boarding pass asset /Newcastle/UltraWide/EK35-Dubai-Newcastle-Empty-2-UltraWide-GeminiGenerated.png
/Users/a44/Documents/dojo/dojo/Emirates Illustrations/boarding pass asset /EK35-Dubai-Newcastle-Empty-3-GeminiGenerated.png	/Users/a44/Documents/dojo/dojo/Emirates Illustrations/boarding pass asset /Newcastle/Standard/EK35-Dubai-Newcastle-Empty-3-GeminiGenerated.png
/Users/a44/Documents/dojo/dojo/Emirates Illustrations/boarding pass asset /EK35-Dubai-Newcastle-Empty-3-UltraWide-GeminiGenerated.png	/Users/a44/Documents/dojo/dojo/Emirates Illustrations/boarding pass asset /Newcastle/UltraWide/EK35-Dubai-Newcastle-Empty-3-UltraWide-GeminiGenerated.png
/Users/a44/Documents/dojo/dojo/Emirates Illustrations/boarding pass asset /EK352-Dubai-Singapore-Empty-1-GeminiGenerated.png	/Users/a44/Documents/dojo/dojo/Emirates Illustrations/boarding pass asset /Singapore/Standard/EK352-Dubai-Singapore-Empty-1-GeminiGenerated.png
/Users/a44/Documents/dojo/dojo/Emirates Illustrations/boarding pass asset /EK352-Dubai-Singapore-Empty-1-UltraWide-GeminiGenerated.png	/Users/a44/Documents/dojo/dojo/Emirates Illustrations/boarding pass asset /Singapore/UltraWide/EK352-Dubai-Singapore-Empty-1-UltraWide-GeminiGenerated.png
/Users/a44/Documents/dojo/dojo/Emirates Illustrations/boarding pass asset /EK352-Dubai-Singapore-Empty-2-GeminiGenerated.png	/Users/a44/Documents/dojo/dojo/Emirates Illustrations/boarding pass asset /Singapore/Standard/EK352-Dubai-Singapore-Empty-2-GeminiGenerated.png
/Users/a44/Documents/dojo/dojo/Emirates Illustrations/boarding pass asset /EK352-Dubai-Singapore-Empty-2-UltraWide-GeminiGenerated.png	/Users/a44/Documents/dojo/dojo/Emirates Illustrations/boarding pass asset /Singapore/UltraWide/EK352-Dubai-Singapore-Empty-2-UltraWide-GeminiGenerated.png
/Users/a44/Documents/dojo/dojo/Emirates Illustrations/boarding pass asset /EK352-Dubai-Singapore-Empty-3-GeminiGenerated.png	/Users/a44/Documents/dojo/dojo/Emirates Illustrations/boarding pass asset /Singapore/Standard/EK352-Dubai-Singapore-Empty-3-GeminiGenerated.png
/Users/a44/Documents/dojo/dojo/Emirates Illustrations/boarding pass asset /EK352-Dubai-Singapore-Empty-3-UltraWide-GeminiGenerated.png	/Users/a44/Documents/dojo/dojo/Emirates Illustrations/boarding pass asset /Singapore/UltraWide/EK352-Dubai-Singapore-Empty-3-UltraWide-GeminiGenerated.png
/Users/a44/Documents/dojo/dojo/Emirates Illustrations/boarding pass asset /EK358-Dubai-Jakarta-Empty-1-GeminiGenerated.png	/Users/a44/Documents/dojo/dojo/Emirates Illustrations/boarding pass asset /Jakarta/Standard/EK358-Dubai-Jakarta-Empty-1-GeminiGenerated.png
/Users/a44/Documents/dojo/dojo/Emirates Illustrations/boarding pass asset /EK358-Dubai-Jakarta-Empty-1-UltraWide-GeminiGenerated.png	/Users/a44/Documents/dojo/dojo/Emirates Illustrations/boarding pass asset /Jakarta/UltraWide/EK358-Dubai-Jakarta-Empty-1-UltraWide-GeminiGenerated.png
/Users/a44/Documents/dojo/dojo/Emirates Illustrations/boarding pass asset /EK358-Dubai-Jakarta-Empty-2-GeminiGenerated.png	/Users/a44/Documents/dojo/dojo/Emirates Illustrations/boarding pass asset /Jakarta/Standard/EK358-Dubai-Jakarta-Empty-2-GeminiGenerated.png
/Users/a44/Documents/dojo/dojo/Emirates Illustrations/boarding pass asset /EK358-Dubai-Jakarta-Empty-2-UltraWide-GeminiGenerated.png	/Users/a44/Documents/dojo/dojo/Emirates Illustrations/boarding pass asset /Jakarta/UltraWide/EK358-Dubai-Jakarta-Empty-2-UltraWide-GeminiGenerated.png
/Users/a44/Documents/dojo/dojo/Emirates Illustrations/boarding pass asset /EK358-Dubai-Jakarta-Empty-3-GeminiGenerated.png	/Users/a44/Documents/dojo/dojo/Emirates Illustrations/boarding pass asset /Jakarta/Standard/EK358-Dubai-Jakarta-Empty-3-GeminiGenerated.png
/Users/a44/Documents/dojo/dojo/Emirates Illustrations/boarding pass asset /EK358-Dubai-Jakarta-Empty-3-UltraWide-GeminiGenerated.png	/Users/a44/Documents/dojo/dojo/Emirates Illustrations/boarding pass asset /Jakarta/UltraWide/EK358-Dubai-Jakarta-Empty-3-UltraWide-GeminiGenerated.png
/Users/a44/Documents/dojo/dojo/Emirates Illustrations/boarding pass asset /EK362-Dubai-Guangzhou-Empty-1-GeminiGenerated.png	/Users/a44/Documents/dojo/dojo/Emirates Illustrations/boarding pass asset /Guangzhou/Standard/EK362-Dubai-Guangzhou-Empty-1-GeminiGenerated.png
/Users/a44/Documents/dojo/dojo/Emirates Illustrations/boarding pass asset /EK362-Dubai-Guangzhou-Empty-1-UltraWide-GeminiGenerated.png	/Users/a44/Documents/dojo/dojo/Emirates Illustrations/boarding pass asset /Guangzhou/UltraWide/EK362-Dubai-Guangzhou-Empty-1-UltraWide-GeminiGenerated.png
/Users/a44/Documents/dojo/dojo/Emirates Illustrations/boarding pass asset /EK362-Dubai-Guangzhou-Empty-2-GeminiGenerated.png	/Users/a44/Documents/dojo/dojo/Emirates Illustrations/boarding pass asset /Guangzhou/Standard/EK362-Dubai-Guangzhou-Empty-2-GeminiGenerated.png
/Users/a44/Documents/dojo/dojo/Emirates Illustrations/boarding pass asset /EK362-Dubai-Guangzhou-Empty-2-UltraWide-GeminiGenerated.png	/Users/a44/Documents/dojo/dojo/Emirates Illustrations/boarding pass asset /Guangzhou/UltraWide/EK362-Dubai-Guangzhou-Empty-2-UltraWide-GeminiGenerated.png
/Users/a44/Documents/dojo/dojo/Emirates Illustrations/boarding pass asset /EK362-Dubai-Guangzhou-Empty-3-GeminiGenerated.png	/Users/a44/Documents/dojo/dojo/Emirates Illustrations/boarding pass asset /Guangzhou/Standard/EK362-Dubai-Guangzhou-Empty-3-GeminiGenerated.png
/Users/a44/Documents/dojo/dojo/Emirates Illustrations/boarding pass asset /EK362-Dubai-Guangzhou-Empty-3-UltraWide-GeminiGenerated.png	/Users/a44/Documents/dojo/dojo/Emirates Illustrations/boarding pass asset /Guangzhou/UltraWide/EK362-Dubai-Guangzhou-Empty-3-UltraWide-GeminiGenerated.png
/Users/a44/Documents/dojo/dojo/Emirates Illustrations/boarding pass asset /EK370-Dubai-Bangkok-Empty-1-GeminiGenerated.png	/Users/a44/Documents/dojo/dojo/Emirates Illustrations/boarding pass asset /Bangkok/Standard/EK370-Dubai-Bangkok-Empty-1-GeminiGenerated.png
/Users/a44/Documents/dojo/dojo/Emirates Illustrations/boarding pass asset /EK370-Dubai-Bangkok-Empty-1-UltraWide-GeminiGenerated.png	/Users/a44/Documents/dojo/dojo/Emirates Illustrations/boarding pass asset /Bangkok/UltraWide/EK370-Dubai-Bangkok-Empty-1-UltraWide-GeminiGenerated.png
/Users/a44/Documents/dojo/dojo/Emirates Illustrations/boarding pass asset /EK370-Dubai-Bangkok-Empty-2-GeminiGenerated.png	/Users/a44/Documents/dojo/dojo/Emirates Illustrations/boarding pass asset /Bangkok/Standard/EK370-Dubai-Bangkok-Empty-2-GeminiGenerated.png
/Users/a44/Documents/dojo/dojo/Emirates Illustrations/boarding pass asset /EK370-Dubai-Bangkok-Empty-2-UltraWide-GeminiGenerated.png	/Users/a44/Documents/dojo/dojo/Emirates Illustrations/boarding pass asset /Bangkok/UltraWide/EK370-Dubai-Bangkok-Empty-2-UltraWide-GeminiGenerated.png
/Users/a44/Documents/dojo/dojo/Emirates Illustrations/boarding pass asset /EK370-Dubai-Bangkok-Empty-3-GeminiGenerated.png	/Users/a44/Documents/dojo/dojo/Emirates Illustrations/boarding pass asset /Bangkok/Standard/EK370-Dubai-Bangkok-Empty-3-GeminiGenerated.png
/Users/a44/Documents/dojo/dojo/Emirates Illustrations/boarding pass asset /EK370-Dubai-Bangkok-Empty-3-UltraWide-GeminiGenerated.png	/Users/a44/Documents/dojo/dojo/Emirates Illustrations/boarding pass asset /Bangkok/UltraWide/EK370-Dubai-Bangkok-Empty-3-UltraWide-GeminiGenerated.png
/Users/a44/Documents/dojo/dojo/Emirates Illustrations/boarding pass asset /EK378-Dubai-Phuket-Empty-1-GeminiGenerated.png	/Users/a44/Documents/dojo/dojo/Emirates Illustrations/boarding pass asset /Phuket/Standard/EK378-Dubai-Phuket-Empty-1-GeminiGenerated.png
/Users/a44/Documents/dojo/dojo/Emirates Illustrations/boarding pass asset /EK378-Dubai-Phuket-Empty-1-UltraWide-GeminiGenerated.png	/Users/a44/Documents/dojo/dojo/Emirates Illustrations/boarding pass asset /Phuket/UltraWide/EK378-Dubai-Phuket-Empty-1-UltraWide-GeminiGenerated.png
/Users/a44/Documents/dojo/dojo/Emirates Illustrations/boarding pass asset /EK378-Dubai-Phuket-Empty-2-GeminiGenerated.png	/Users/a44/Documents/dojo/dojo/Emirates Illustrations/boarding pass asset /Phuket/Standard/EK378-Dubai-Phuket-Empty-2-GeminiGenerated.png
/Users/a44/Documents/dojo/dojo/Emirates Illustrations/boarding pass asset /EK378-Dubai-Phuket-Empty-2-UltraWide-GeminiGenerated.png	/Users/a44/Documents/dojo/dojo/Emirates Illustrations/boarding pass asset /Phuket/UltraWide/EK378-Dubai-Phuket-Empty-2-UltraWide-GeminiGenerated.png
/Users/a44/Documents/dojo/dojo/Emirates Illustrations/boarding pass asset /EK378-Dubai-Phuket-Empty-3-GeminiGenerated.png	/Users/a44/Documents/dojo/dojo/Emirates Illustrations/boarding pass asset /Phuket/Standard/EK378-Dubai-Phuket-Empty-3-GeminiGenerated.png
/Users/a44/Documents/dojo/dojo/Emirates Illustrations/boarding pass asset /EK378-Dubai-Phuket-Empty-3-UltraWide-GeminiGenerated.png	/Users/a44/Documents/dojo/dojo/Emirates Illustrations/boarding pass asset /Phuket/UltraWide/EK378-Dubai-Phuket-Empty-3-UltraWide-GeminiGenerated.png
/Users/a44/Documents/dojo/dojo/Emirates Illustrations/boarding pass asset /EK380-Dubai-HongKong-Empty-1-GeminiGenerated.png	/Users/a44/Documents/dojo/dojo/Emirates Illustrations/boarding pass asset /HongKong/Standard/EK380-Dubai-HongKong-Empty-1-GeminiGenerated.png
/Users/a44/Documents/dojo/dojo/Emirates Illustrations/boarding pass asset /EK380-Dubai-HongKong-Empty-1-UltraWide-GeminiGenerated.png	/Users/a44/Documents/dojo/dojo/Emirates Illustrations/boarding pass asset /HongKong/UltraWide/EK380-Dubai-HongKong-Empty-1-UltraWide-GeminiGenerated.png
/Users/a44/Documents/dojo/dojo/Emirates Illustrations/boarding pass asset /EK380-Dubai-HongKong-Empty-2-GeminiGenerated.png	/Users/a44/Documents/dojo/dojo/Emirates Illustrations/boarding pass asset /HongKong/Standard/EK380-Dubai-HongKong-Empty-2-GeminiGenerated.png
/Users/a44/Documents/dojo/dojo/Emirates Illustrations/boarding pass asset /EK380-Dubai-HongKong-Empty-2-UltraWide-GeminiGenerated.png	/Users/a44/Documents/dojo/dojo/Emirates Illustrations/boarding pass asset /HongKong/UltraWide/EK380-Dubai-HongKong-Empty-2-UltraWide-GeminiGenerated.png
/Users/a44/Documents/dojo/dojo/Emirates Illustrations/boarding pass asset /EK380-Dubai-HongKong-Empty-3-GeminiGenerated.png	/Users/a44/Documents/dojo/dojo/Emirates Illustrations/boarding pass asset /HongKong/Standard/EK380-Dubai-HongKong-Empty-3-GeminiGenerated.png
/Users/a44/Documents/dojo/dojo/Emirates Illustrations/boarding pass asset /EK380-Dubai-HongKong-Empty-3-UltraWide-GeminiGenerated.png	/Users/a44/Documents/dojo/dojo/Emirates Illustrations/boarding pass asset /HongKong/UltraWide/EK380-Dubai-HongKong-Empty-3-UltraWide-GeminiGenerated.png
/Users/a44/Documents/dojo/dojo/Emirates Illustrations/boarding pass asset /EK386-Dubai-Taipei-Empty-1-GeminiGenerated.png	/Users/a44/Documents/dojo/dojo/Emirates Illustrations/boarding pass asset /Taipei/Standard/EK386-Dubai-Taipei-Empty-1-GeminiGenerated.png
/Users/a44/Documents/dojo/dojo/Emirates Illustrations/boarding pass asset /EK386-Dubai-Taipei-Empty-1-UltraWide-GeminiGenerated.png	/Users/a44/Documents/dojo/dojo/Emirates Illustrations/boarding pass asset /Taipei/UltraWide/EK386-Dubai-Taipei-Empty-1-UltraWide-GeminiGenerated.png
/Users/a44/Documents/dojo/dojo/Emirates Illustrations/boarding pass asset /EK386-Dubai-Taipei-Empty-2-GeminiGenerated.png	/Users/a44/Documents/dojo/dojo/Emirates Illustrations/boarding pass asset /Taipei/Standard/EK386-Dubai-Taipei-Empty-2-GeminiGenerated.png
/Users/a44/Documents/dojo/dojo/Emirates Illustrations/boarding pass asset /EK386-Dubai-Taipei-Empty-2-UltraWide-GeminiGenerated.png	/Users/a44/Documents/dojo/dojo/Emirates Illustrations/boarding pass asset /Taipei/UltraWide/EK386-Dubai-Taipei-Empty-2-UltraWide-GeminiGenerated.png
/Users/a44/Documents/dojo/dojo/Emirates Illustrations/boarding pass asset /EK386-Dubai-Taipei-Empty-3-GeminiGenerated.png	/Users/a44/Documents/dojo/dojo/Emirates Illustrations/boarding pass asset /Taipei/Standard/EK386-Dubai-Taipei-Empty-3-GeminiGenerated.png
/Users/a44/Documents/dojo/dojo/Emirates Illustrations/boarding pass asset /EK386-Dubai-Taipei-Empty-3-UltraWide-GeminiGenerated.png	/Users/a44/Documents/dojo/dojo/Emirates Illustrations/boarding pass asset /Taipei/UltraWide/EK386-Dubai-Taipei-Empty-3-UltraWide-GeminiGenerated.png
/Users/a44/Documents/dojo/dojo/Emirates Illustrations/boarding pass asset /EK39-Dubai-Birmingham-Empty-1-GeminiGenerated.png	/Users/a44/Documents/dojo/dojo/Emirates Illustrations/boarding pass asset /Birmingham/Standard/EK39-Dubai-Birmingham-Empty-1-GeminiGenerated.png
/Users/a44/Documents/dojo/dojo/Emirates Illustrations/boarding pass asset /EK39-Dubai-Birmingham-Empty-1-UltraWide-GeminiGenerated.png	/Users/a44/Documents/dojo/dojo/Emirates Illustrations/boarding pass asset /Birmingham/UltraWide/EK39-Dubai-Birmingham-Empty-1-UltraWide-GeminiGenerated.png
/Users/a44/Documents/dojo/dojo/Emirates Illustrations/boarding pass asset /EK39-Dubai-Birmingham-Empty-2-GeminiGenerated.png	/Users/a44/Documents/dojo/dojo/Emirates Illustrations/boarding pass asset /Birmingham/Standard/EK39-Dubai-Birmingham-Empty-2-GeminiGenerated.png
/Users/a44/Documents/dojo/dojo/Emirates Illustrations/boarding pass asset /EK39-Dubai-Birmingham-Empty-2-UltraWide-GeminiGenerated.png	/Users/a44/Documents/dojo/dojo/Emirates Illustrations/boarding pass asset /Birmingham/UltraWide/EK39-Dubai-Birmingham-Empty-2-UltraWide-GeminiGenerated.png
/Users/a44/Documents/dojo/dojo/Emirates Illustrations/boarding pass asset /EK39-Dubai-Birmingham-Empty-3-GeminiGenerated.png	/Users/a44/Documents/dojo/dojo/Emirates Illustrations/boarding pass asset /Birmingham/Standard/EK39-Dubai-Birmingham-Empty-3-GeminiGenerated.png
/Users/a44/Documents/dojo/dojo/Emirates Illustrations/boarding pass asset /EK39-Dubai-Birmingham-Empty-3-UltraWide-GeminiGenerated.png	/Users/a44/Documents/dojo/dojo/Emirates Illustrations/boarding pass asset /Birmingham/UltraWide/EK39-Dubai-Birmingham-Empty-3-UltraWide-GeminiGenerated.png
/Users/a44/Documents/dojo/dojo/Emirates Illustrations/boarding pass asset /EK392-Dubai-HoChiMinhCity-Empty-1-GeminiGenerated.png	/Users/a44/Documents/dojo/dojo/Emirates Illustrations/boarding pass asset /HoChiMinhCity/Standard/EK392-Dubai-HoChiMinhCity-Empty-1-GeminiGenerated.png
/Users/a44/Documents/dojo/dojo/Emirates Illustrations/boarding pass asset /EK392-Dubai-HoChiMinhCity-Empty-1-UltraWide-GeminiGenerated.png	/Users/a44/Documents/dojo/dojo/Emirates Illustrations/boarding pass asset /HoChiMinhCity/UltraWide/EK392-Dubai-HoChiMinhCity-Empty-1-UltraWide-GeminiGenerated.png
/Users/a44/Documents/dojo/dojo/Emirates Illustrations/boarding pass asset /EK392-Dubai-HoChiMinhCity-Empty-2-GeminiGenerated.png	/Users/a44/Documents/dojo/dojo/Emirates Illustrations/boarding pass asset /HoChiMinhCity/Standard/EK392-Dubai-HoChiMinhCity-Empty-2-GeminiGenerated.png
/Users/a44/Documents/dojo/dojo/Emirates Illustrations/boarding pass asset /EK392-Dubai-HoChiMinhCity-Empty-2-UltraWide-GeminiGenerated.png	/Users/a44/Documents/dojo/dojo/Emirates Illustrations/boarding pass asset /HoChiMinhCity/UltraWide/EK392-Dubai-HoChiMinhCity-Empty-2-UltraWide-GeminiGenerated.png
/Users/a44/Documents/dojo/dojo/Emirates Illustrations/boarding pass asset /EK392-Dubai-HoChiMinhCity-Empty-3-GeminiGenerated.png	/Users/a44/Documents/dojo/dojo/Emirates Illustrations/boarding pass asset /HoChiMinhCity/Standard/EK392-Dubai-HoChiMinhCity-Empty-3-GeminiGenerated.png
/Users/a44/Documents/dojo/dojo/Emirates Illustrations/boarding pass asset /EK392-Dubai-HoChiMinhCity-Empty-3-UltraWide-GeminiGenerated.png	/Users/a44/Documents/dojo/dojo/Emirates Illustrations/boarding pass asset /HoChiMinhCity/UltraWide/EK392-Dubai-HoChiMinhCity-Empty-3-UltraWide-GeminiGenerated.png
/Users/a44/Documents/dojo/dojo/Emirates Illustrations/boarding pass asset /EK394-Dubai-Hanoi-Empty-1-GeminiGenerated.png	/Users/a44/Documents/dojo/dojo/Emirates Illustrations/boarding pass asset /Hanoi/Standard/EK394-Dubai-Hanoi-Empty-1-GeminiGenerated.png
/Users/a44/Documents/dojo/dojo/Emirates Illustrations/boarding pass asset /EK394-Dubai-Hanoi-Empty-1-UltraWide-GeminiGenerated.png	/Users/a44/Documents/dojo/dojo/Emirates Illustrations/boarding pass asset /Hanoi/UltraWide/EK394-Dubai-Hanoi-Empty-1-UltraWide-GeminiGenerated.png
/Users/a44/Documents/dojo/dojo/Emirates Illustrations/boarding pass asset /EK394-Dubai-Hanoi-Empty-2-GeminiGenerated.png	/Users/a44/Documents/dojo/dojo/Emirates Illustrations/boarding pass asset /Hanoi/Standard/EK394-Dubai-Hanoi-Empty-2-GeminiGenerated.png
/Users/a44/Documents/dojo/dojo/Emirates Illustrations/boarding pass asset /EK394-Dubai-Hanoi-Empty-2-UltraWide-GeminiGenerated.png	/Users/a44/Documents/dojo/dojo/Emirates Illustrations/boarding pass asset /Hanoi/UltraWide/EK394-Dubai-Hanoi-Empty-2-UltraWide-GeminiGenerated.png
/Users/a44/Documents/dojo/dojo/Emirates Illustrations/boarding pass asset /EK394-Dubai-Hanoi-Empty-3-GeminiGenerated.png	/Users/a44/Documents/dojo/dojo/Emirates Illustrations/boarding pass asset /Hanoi/Standard/EK394-Dubai-Hanoi-Empty-3-GeminiGenerated.png
/Users/a44/Documents/dojo/dojo/Emirates Illustrations/boarding pass asset /EK394-Dubai-Hanoi-Empty-3-UltraWide-GeminiGenerated.png	/Users/a44/Documents/dojo/dojo/Emirates Illustrations/boarding pass asset /Hanoi/UltraWide/EK394-Dubai-Hanoi-Empty-3-UltraWide-GeminiGenerated.png
/Users/a44/Documents/dojo/dojo/Emirates Illustrations/boarding pass asset /EK398-Dubai-Bali-Empty-1-GeminiGenerated.png	/Users/a44/Documents/dojo/dojo/Emirates Illustrations/boarding pass asset /Bali/Standard/EK398-Dubai-Bali-Empty-1-GeminiGenerated.png
/Users/a44/Documents/dojo/dojo/Emirates Illustrations/boarding pass asset /EK398-Dubai-Bali-Empty-1-UltraWide-GeminiGenerated.png	/Users/a44/Documents/dojo/dojo/Emirates Illustrations/boarding pass asset /Bali/UltraWide/EK398-Dubai-Bali-Empty-1-UltraWide-GeminiGenerated.png
/Users/a44/Documents/dojo/dojo/Emirates Illustrations/boarding pass asset /EK398-Dubai-Bali-Empty-2-GeminiGenerated.png	/Users/a44/Documents/dojo/dojo/Emirates Illustrations/boarding pass asset /Bali/Standard/EK398-Dubai-Bali-Empty-2-GeminiGenerated.png
/Users/a44/Documents/dojo/dojo/Emirates Illustrations/boarding pass asset /EK398-Dubai-Bali-Empty-2-UltraWide-GeminiGenerated.png	/Users/a44/Documents/dojo/dojo/Emirates Illustrations/boarding pass asset /Bali/UltraWide/EK398-Dubai-Bali-Empty-2-UltraWide-GeminiGenerated.png
/Users/a44/Documents/dojo/dojo/Emirates Illustrations/boarding pass asset /EK398-Dubai-Bali-Empty-3-GeminiGenerated.png	/Users/a44/Documents/dojo/dojo/Emirates Illustrations/boarding pass asset /Bali/Standard/EK398-Dubai-Bali-Empty-3-GeminiGenerated.png
/Users/a44/Documents/dojo/dojo/Emirates Illustrations/boarding pass asset /EK398-Dubai-Bali-Empty-3-UltraWide-GeminiGenerated.png	/Users/a44/Documents/dojo/dojo/Emirates Illustrations/boarding pass asset /Bali/UltraWide/EK398-Dubai-Bali-Empty-3-UltraWide-GeminiGenerated.png
/Users/a44/Documents/dojo/dojo/Emirates Illustrations/boarding pass asset /EK406-Dubai-Melbourne-Empty-1-GeminiGenerated.png	/Users/a44/Documents/dojo/dojo/Emirates Illustrations/boarding pass asset /Melbourne/Standard/EK406-Dubai-Melbourne-Empty-1-GeminiGenerated.png
/Users/a44/Documents/dojo/dojo/Emirates Illustrations/boarding pass asset /EK406-Dubai-Melbourne-Empty-1-UltraWide-GeminiGenerated.png	/Users/a44/Documents/dojo/dojo/Emirates Illustrations/boarding pass asset /Melbourne/UltraWide/EK406-Dubai-Melbourne-Empty-1-UltraWide-GeminiGenerated.png
/Users/a44/Documents/dojo/dojo/Emirates Illustrations/boarding pass asset /EK406-Dubai-Melbourne-Empty-2-GeminiGenerated.png	/Users/a44/Documents/dojo/dojo/Emirates Illustrations/boarding pass asset /Melbourne/Standard/EK406-Dubai-Melbourne-Empty-2-GeminiGenerated.png
/Users/a44/Documents/dojo/dojo/Emirates Illustrations/boarding pass asset /EK406-Dubai-Melbourne-Empty-2-UltraWide-GeminiGenerated.png	/Users/a44/Documents/dojo/dojo/Emirates Illustrations/boarding pass asset /Melbourne/UltraWide/EK406-Dubai-Melbourne-Empty-2-UltraWide-GeminiGenerated.png
/Users/a44/Documents/dojo/dojo/Emirates Illustrations/boarding pass asset /EK406-Dubai-Melbourne-Empty-3-GeminiGenerated.png	/Users/a44/Documents/dojo/dojo/Emirates Illustrations/boarding pass asset /Melbourne/Standard/EK406-Dubai-Melbourne-Empty-3-GeminiGenerated.png
/Users/a44/Documents/dojo/dojo/Emirates Illustrations/boarding pass asset /EK406-Dubai-Melbourne-Empty-3-UltraWide-GeminiGenerated.png	/Users/a44/Documents/dojo/dojo/Emirates Illustrations/boarding pass asset /Melbourne/UltraWide/EK406-Dubai-Melbourne-Empty-3-UltraWide-GeminiGenerated.png
/Users/a44/Documents/dojo/dojo/Emirates Illustrations/boarding pass asset /EK412-Dubai-Sydney-Empty-1-GeminiGenerated.png	/Users/a44/Documents/dojo/dojo/Emirates Illustrations/boarding pass asset /Sydney/Standard/EK412-Dubai-Sydney-Empty-1-GeminiGenerated.png
/Users/a44/Documents/dojo/dojo/Emirates Illustrations/boarding pass asset /EK412-Dubai-Sydney-Empty-1-UltraWide-GeminiGenerated.png	/Users/a44/Documents/dojo/dojo/Emirates Illustrations/boarding pass asset /Sydney/UltraWide/EK412-Dubai-Sydney-Empty-1-UltraWide-GeminiGenerated.png
/Users/a44/Documents/dojo/dojo/Emirates Illustrations/boarding pass asset /EK412-Dubai-Sydney-Empty-2-GeminiGenerated.png	/Users/a44/Documents/dojo/dojo/Emirates Illustrations/boarding pass asset /Sydney/Standard/EK412-Dubai-Sydney-Empty-2-GeminiGenerated.png
/Users/a44/Documents/dojo/dojo/Emirates Illustrations/boarding pass asset /EK412-Dubai-Sydney-Empty-2-UltraWide-GeminiGenerated.png	/Users/a44/Documents/dojo/dojo/Emirates Illustrations/boarding pass asset /Sydney/UltraWide/EK412-Dubai-Sydney-Empty-2-UltraWide-GeminiGenerated.png
/Users/a44/Documents/dojo/dojo/Emirates Illustrations/boarding pass asset /EK412-Dubai-Sydney-Empty-3-GeminiGenerated.png	/Users/a44/Documents/dojo/dojo/Emirates Illustrations/boarding pass asset /Sydney/Standard/EK412-Dubai-Sydney-Empty-3-GeminiGenerated.png
/Users/a44/Documents/dojo/dojo/Emirates Illustrations/boarding pass asset /EK412-Dubai-Sydney-Empty-3-UltraWide-GeminiGenerated.png	/Users/a44/Documents/dojo/dojo/Emirates Illustrations/boarding pass asset /Sydney/UltraWide/EK412-Dubai-Sydney-Empty-3-UltraWide-GeminiGenerated.png
/Users/a44/Documents/dojo/dojo/Emirates Illustrations/boarding pass asset /EK420-Dubai-Perth-Empty-1-GeminiGenerated.png	/Users/a44/Documents/dojo/dojo/Emirates Illustrations/boarding pass asset /Perth/Standard/EK420-Dubai-Perth-Empty-1-GeminiGenerated.png
/Users/a44/Documents/dojo/dojo/Emirates Illustrations/boarding pass asset /EK420-Dubai-Perth-Empty-1-UltraWide-GeminiGenerated.png	/Users/a44/Documents/dojo/dojo/Emirates Illustrations/boarding pass asset /Perth/UltraWide/EK420-Dubai-Perth-Empty-1-UltraWide-GeminiGenerated.png
/Users/a44/Documents/dojo/dojo/Emirates Illustrations/boarding pass asset /EK420-Dubai-Perth-Empty-2-GeminiGenerated.png	/Users/a44/Documents/dojo/dojo/Emirates Illustrations/boarding pass asset /Perth/Standard/EK420-Dubai-Perth-Empty-2-GeminiGenerated.png
/Users/a44/Documents/dojo/dojo/Emirates Illustrations/boarding pass asset /EK420-Dubai-Perth-Empty-2-UltraWide-GeminiGenerated.png	/Users/a44/Documents/dojo/dojo/Emirates Illustrations/boarding pass asset /Perth/UltraWide/EK420-Dubai-Perth-Empty-2-UltraWide-GeminiGenerated.png
/Users/a44/Documents/dojo/dojo/Emirates Illustrations/boarding pass asset /EK420-Dubai-Perth-Empty-3-GeminiGenerated.png	/Users/a44/Documents/dojo/dojo/Emirates Illustrations/boarding pass asset /Perth/Standard/EK420-Dubai-Perth-Empty-3-GeminiGenerated.png
/Users/a44/Documents/dojo/dojo/Emirates Illustrations/boarding pass asset /EK420-Dubai-Perth-Empty-3-UltraWide-GeminiGenerated.png	/Users/a44/Documents/dojo/dojo/Emirates Illustrations/boarding pass asset /Perth/UltraWide/EK420-Dubai-Perth-Empty-3-UltraWide-GeminiGenerated.png
/Users/a44/Documents/dojo/dojo/Emirates Illustrations/boarding pass asset /EK434-Dubai-Brisbane-Empty-1-GeminiGenerated.png	/Users/a44/Documents/dojo/dojo/Emirates Illustrations/boarding pass asset /Brisbane/Standard/EK434-Dubai-Brisbane-Empty-1-GeminiGenerated.png
/Users/a44/Documents/dojo/dojo/Emirates Illustrations/boarding pass asset /EK434-Dubai-Brisbane-Empty-1-UltraWide-GeminiGenerated.png	/Users/a44/Documents/dojo/dojo/Emirates Illustrations/boarding pass asset /Brisbane/UltraWide/EK434-Dubai-Brisbane-Empty-1-UltraWide-GeminiGenerated.png
/Users/a44/Documents/dojo/dojo/Emirates Illustrations/boarding pass asset /EK434-Dubai-Brisbane-Empty-2-GeminiGenerated.png	/Users/a44/Documents/dojo/dojo/Emirates Illustrations/boarding pass asset /Brisbane/Standard/EK434-Dubai-Brisbane-Empty-2-GeminiGenerated.png
/Users/a44/Documents/dojo/dojo/Emirates Illustrations/boarding pass asset /EK434-Dubai-Brisbane-Empty-2-UltraWide-GeminiGenerated.png	/Users/a44/Documents/dojo/dojo/Emirates Illustrations/boarding pass asset /Brisbane/UltraWide/EK434-Dubai-Brisbane-Empty-2-UltraWide-GeminiGenerated.png
/Users/a44/Documents/dojo/dojo/Emirates Illustrations/boarding pass asset /EK434-Dubai-Brisbane-Empty-3-GeminiGenerated.png	/Users/a44/Documents/dojo/dojo/Emirates Illustrations/boarding pass asset /Brisbane/Standard/EK434-Dubai-Brisbane-Empty-3-GeminiGenerated.png
/Users/a44/Documents/dojo/dojo/Emirates Illustrations/boarding pass asset /EK434-Dubai-Brisbane-Empty-3-UltraWide-GeminiGenerated.png	/Users/a44/Documents/dojo/dojo/Emirates Illustrations/boarding pass asset /Brisbane/UltraWide/EK434-Dubai-Brisbane-Empty-3-UltraWide-GeminiGenerated.png
/Users/a44/Documents/dojo/dojo/Emirates Illustrations/boarding pass asset /EK440-Dubai-Adelaide-Empty-1-GeminiGenerated.png	/Users/a44/Documents/dojo/dojo/Emirates Illustrations/boarding pass asset /Adelaide/Standard/EK440-Dubai-Adelaide-Empty-1-GeminiGenerated.png
/Users/a44/Documents/dojo/dojo/Emirates Illustrations/boarding pass asset /EK440-Dubai-Adelaide-Empty-1-UltraWide-GeminiGenerated.png	/Users/a44/Documents/dojo/dojo/Emirates Illustrations/boarding pass asset /Adelaide/UltraWide/EK440-Dubai-Adelaide-Empty-1-UltraWide-GeminiGenerated.png
/Users/a44/Documents/dojo/dojo/Emirates Illustrations/boarding pass asset /EK440-Dubai-Adelaide-Empty-2-GeminiGenerated.png	/Users/a44/Documents/dojo/dojo/Emirates Illustrations/boarding pass asset /Adelaide/Standard/EK440-Dubai-Adelaide-Empty-2-GeminiGenerated.png
/Users/a44/Documents/dojo/dojo/Emirates Illustrations/boarding pass asset /EK440-Dubai-Adelaide-Empty-2-UltraWide-GeminiGenerated.png	/Users/a44/Documents/dojo/dojo/Emirates Illustrations/boarding pass asset /Adelaide/UltraWide/EK440-Dubai-Adelaide-Empty-2-UltraWide-GeminiGenerated.png
/Users/a44/Documents/dojo/dojo/Emirates Illustrations/boarding pass asset /EK440-Dubai-Adelaide-Empty-3-GeminiGenerated.png	/Users/a44/Documents/dojo/dojo/Emirates Illustrations/boarding pass asset /Adelaide/Standard/EK440-Dubai-Adelaide-Empty-3-GeminiGenerated.png
/Users/a44/Documents/dojo/dojo/Emirates Illustrations/boarding pass asset /EK440-Dubai-Adelaide-Empty-3-UltraWide-GeminiGenerated.png	/Users/a44/Documents/dojo/dojo/Emirates Illustrations/boarding pass asset /Adelaide/UltraWide/EK440-Dubai-Adelaide-Empty-3-UltraWide-GeminiGenerated.png
/Users/a44/Documents/dojo/dojo/Emirates Illustrations/boarding pass asset /EK448-Dubai-Auckland-Empty-1-GeminiGenerated.png	/Users/a44/Documents/dojo/dojo/Emirates Illustrations/boarding pass asset /Auckland/Standard/EK448-Dubai-Auckland-Empty-1-GeminiGenerated.png
/Users/a44/Documents/dojo/dojo/Emirates Illustrations/boarding pass asset /EK448-Dubai-Auckland-Empty-1-UltraWide-GeminiGenerated.png	/Users/a44/Documents/dojo/dojo/Emirates Illustrations/boarding pass asset /Auckland/UltraWide/EK448-Dubai-Auckland-Empty-1-UltraWide-GeminiGenerated.png
/Users/a44/Documents/dojo/dojo/Emirates Illustrations/boarding pass asset /EK448-Dubai-Auckland-Empty-2-GeminiGenerated.png	/Users/a44/Documents/dojo/dojo/Emirates Illustrations/boarding pass asset /Auckland/Standard/EK448-Dubai-Auckland-Empty-2-GeminiGenerated.png
/Users/a44/Documents/dojo/dojo/Emirates Illustrations/boarding pass asset /EK448-Dubai-Auckland-Empty-2-UltraWide-GeminiGenerated.png	/Users/a44/Documents/dojo/dojo/Emirates Illustrations/boarding pass asset /Auckland/UltraWide/EK448-Dubai-Auckland-Empty-2-UltraWide-GeminiGenerated.png
/Users/a44/Documents/dojo/dojo/Emirates Illustrations/boarding pass asset /EK448-Dubai-Auckland-Empty-3-GeminiGenerated.png	/Users/a44/Documents/dojo/dojo/Emirates Illustrations/boarding pass asset /Auckland/Standard/EK448-Dubai-Auckland-Empty-3-GeminiGenerated.png
/Users/a44/Documents/dojo/dojo/Emirates Illustrations/boarding pass asset /EK448-Dubai-Auckland-Empty-3-UltraWide-GeminiGenerated.png	/Users/a44/Documents/dojo/dojo/Emirates Illustrations/boarding pass asset /Auckland/UltraWide/EK448-Dubai-Auckland-Empty-3-UltraWide-GeminiGenerated.png
/Users/a44/Documents/dojo/dojo/Emirates Illustrations/boarding pass asset /EK45-Dubai-Frankfurt-Empty-1-GeminiGenerated.png	/Users/a44/Documents/dojo/dojo/Emirates Illustrations/boarding pass asset /Frankfurt/Standard/EK45-Dubai-Frankfurt-Empty-1-GeminiGenerated.png
/Users/a44/Documents/dojo/dojo/Emirates Illustrations/boarding pass asset /EK45-Dubai-Frankfurt-Empty-1-UltraWide-GeminiGenerated.png	/Users/a44/Documents/dojo/dojo/Emirates Illustrations/boarding pass asset /Frankfurt/UltraWide/EK45-Dubai-Frankfurt-Empty-1-UltraWide-GeminiGenerated.png
/Users/a44/Documents/dojo/dojo/Emirates Illustrations/boarding pass asset /EK45-Dubai-Frankfurt-Empty-2-GeminiGenerated.png	/Users/a44/Documents/dojo/dojo/Emirates Illustrations/boarding pass asset /Frankfurt/Standard/EK45-Dubai-Frankfurt-Empty-2-GeminiGenerated.png
/Users/a44/Documents/dojo/dojo/Emirates Illustrations/boarding pass asset /EK45-Dubai-Frankfurt-Empty-2-UltraWide-GeminiGenerated.png	/Users/a44/Documents/dojo/dojo/Emirates Illustrations/boarding pass asset /Frankfurt/UltraWide/EK45-Dubai-Frankfurt-Empty-2-UltraWide-GeminiGenerated.png
/Users/a44/Documents/dojo/dojo/Emirates Illustrations/boarding pass asset /EK45-Dubai-Frankfurt-Empty-3-GeminiGenerated.png	/Users/a44/Documents/dojo/dojo/Emirates Illustrations/boarding pass asset /Frankfurt/Standard/EK45-Dubai-Frankfurt-Empty-3-GeminiGenerated.png
/Users/a44/Documents/dojo/dojo/Emirates Illustrations/boarding pass asset /EK45-Dubai-Frankfurt-Empty-3-UltraWide-GeminiGenerated.png	/Users/a44/Documents/dojo/dojo/Emirates Illustrations/boarding pass asset /Frankfurt/UltraWide/EK45-Dubai-Frankfurt-Empty-3-UltraWide-GeminiGenerated.png
/Users/a44/Documents/dojo/dojo/Emirates Illustrations/boarding pass asset /EK49-Dubai-Munich-Empty-1-GeminiGenerated.png	/Users/a44/Documents/dojo/dojo/Emirates Illustrations/boarding pass asset /Munich/Standard/EK49-Dubai-Munich-Empty-1-GeminiGenerated.png
/Users/a44/Documents/dojo/dojo/Emirates Illustrations/boarding pass asset /EK49-Dubai-Munich-Empty-1-UltraWide-GeminiGenerated.png	/Users/a44/Documents/dojo/dojo/Emirates Illustrations/boarding pass asset /Munich/UltraWide/EK49-Dubai-Munich-Empty-1-UltraWide-GeminiGenerated.png
/Users/a44/Documents/dojo/dojo/Emirates Illustrations/boarding pass asset /EK49-Dubai-Munich-Empty-2-GeminiGenerated.png	/Users/a44/Documents/dojo/dojo/Emirates Illustrations/boarding pass asset /Munich/Standard/EK49-Dubai-Munich-Empty-2-GeminiGenerated.png
/Users/a44/Documents/dojo/dojo/Emirates Illustrations/boarding pass asset /EK49-Dubai-Munich-Empty-2-UltraWide-GeminiGenerated.png	/Users/a44/Documents/dojo/dojo/Emirates Illustrations/boarding pass asset /Munich/UltraWide/EK49-Dubai-Munich-Empty-2-UltraWide-GeminiGenerated.png
/Users/a44/Documents/dojo/dojo/Emirates Illustrations/boarding pass asset /EK49-Dubai-Munich-Empty-3-GeminiGenerated.png	/Users/a44/Documents/dojo/dojo/Emirates Illustrations/boarding pass asset /Munich/Standard/EK49-Dubai-Munich-Empty-3-GeminiGenerated.png
/Users/a44/Documents/dojo/dojo/Emirates Illustrations/boarding pass asset /EK49-Dubai-Munich-Empty-3-UltraWide-GeminiGenerated.png	/Users/a44/Documents/dojo/dojo/Emirates Illustrations/boarding pass asset /Munich/UltraWide/EK49-Dubai-Munich-Empty-3-UltraWide-GeminiGenerated.png
/Users/a44/Documents/dojo/dojo/Emirates Illustrations/boarding pass asset /EK506-Dubai-Mumbai-Empty-1-GeminiGenerated.png	/Users/a44/Documents/dojo/dojo/Emirates Illustrations/boarding pass asset /Mumbai/Standard/EK506-Dubai-Mumbai-Empty-1-GeminiGenerated.png
/Users/a44/Documents/dojo/dojo/Emirates Illustrations/boarding pass asset /EK506-Dubai-Mumbai-Empty-1-UltraWide-GeminiGenerated.png	/Users/a44/Documents/dojo/dojo/Emirates Illustrations/boarding pass asset /Mumbai/UltraWide/EK506-Dubai-Mumbai-Empty-1-UltraWide-GeminiGenerated.png
/Users/a44/Documents/dojo/dojo/Emirates Illustrations/boarding pass asset /EK506-Dubai-Mumbai-Empty-2-GeminiGenerated.png	/Users/a44/Documents/dojo/dojo/Emirates Illustrations/boarding pass asset /Mumbai/Standard/EK506-Dubai-Mumbai-Empty-2-GeminiGenerated.png
/Users/a44/Documents/dojo/dojo/Emirates Illustrations/boarding pass asset /EK506-Dubai-Mumbai-Empty-2-UltraWide-GeminiGenerated.png	/Users/a44/Documents/dojo/dojo/Emirates Illustrations/boarding pass asset /Mumbai/UltraWide/EK506-Dubai-Mumbai-Empty-2-UltraWide-GeminiGenerated.png
/Users/a44/Documents/dojo/dojo/Emirates Illustrations/boarding pass asset /EK506-Dubai-Mumbai-Empty-3-GeminiGenerated.png	/Users/a44/Documents/dojo/dojo/Emirates Illustrations/boarding pass asset /Mumbai/Standard/EK506-Dubai-Mumbai-Empty-3-GeminiGenerated.png
/Users/a44/Documents/dojo/dojo/Emirates Illustrations/boarding pass asset /EK506-Dubai-Mumbai-Empty-3-UltraWide-GeminiGenerated.png	/Users/a44/Documents/dojo/dojo/Emirates Illustrations/boarding pass asset /Mumbai/UltraWide/EK506-Dubai-Mumbai-Empty-3-UltraWide-GeminiGenerated.png
/Users/a44/Documents/dojo/dojo/Emirates Illustrations/boarding pass asset /EK516-Dubai-NewDelhi-Empty-1-GeminiGenerated.png	/Users/a44/Documents/dojo/dojo/Emirates Illustrations/boarding pass asset /NewDelhi/Standard/EK516-Dubai-NewDelhi-Empty-1-GeminiGenerated.png
/Users/a44/Documents/dojo/dojo/Emirates Illustrations/boarding pass asset /EK516-Dubai-NewDelhi-Empty-1-UltraWide-GeminiGenerated.png	/Users/a44/Documents/dojo/dojo/Emirates Illustrations/boarding pass asset /NewDelhi/UltraWide/EK516-Dubai-NewDelhi-Empty-1-UltraWide-GeminiGenerated.png
/Users/a44/Documents/dojo/dojo/Emirates Illustrations/boarding pass asset /EK516-Dubai-NewDelhi-Empty-2-GeminiGenerated.png	/Users/a44/Documents/dojo/dojo/Emirates Illustrations/boarding pass asset /NewDelhi/Standard/EK516-Dubai-NewDelhi-Empty-2-GeminiGenerated.png
/Users/a44/Documents/dojo/dojo/Emirates Illustrations/boarding pass asset /EK516-Dubai-NewDelhi-Empty-2-UltraWide-GeminiGenerated.png	/Users/a44/Documents/dojo/dojo/Emirates Illustrations/boarding pass asset /NewDelhi/UltraWide/EK516-Dubai-NewDelhi-Empty-2-UltraWide-GeminiGenerated.png
/Users/a44/Documents/dojo/dojo/Emirates Illustrations/boarding pass asset /EK516-Dubai-NewDelhi-Empty-3-GeminiGenerated.png	/Users/a44/Documents/dojo/dojo/Emirates Illustrations/boarding pass asset /NewDelhi/Standard/EK516-Dubai-NewDelhi-Empty-3-GeminiGenerated.png
/Users/a44/Documents/dojo/dojo/Emirates Illustrations/boarding pass asset /EK516-Dubai-NewDelhi-Empty-3-UltraWide-GeminiGenerated.png	/Users/a44/Documents/dojo/dojo/Emirates Illustrations/boarding pass asset /NewDelhi/UltraWide/EK516-Dubai-NewDelhi-Empty-3-UltraWide-GeminiGenerated.png
/Users/a44/Documents/dojo/dojo/Emirates Illustrations/boarding pass asset /EK522-Dubai-Thiruvananthapuram-Empty-1-GeminiGenerated.png	/Users/a44/Documents/dojo/dojo/Emirates Illustrations/boarding pass asset /Thiruvananthapuram/Standard/EK522-Dubai-Thiruvananthapuram-Empty-1-GeminiGenerated.png
/Users/a44/Documents/dojo/dojo/Emirates Illustrations/boarding pass asset /EK522-Dubai-Thiruvananthapuram-Empty-1-UltraWide-GeminiGenerated.png	/Users/a44/Documents/dojo/dojo/Emirates Illustrations/boarding pass asset /Thiruvananthapuram/UltraWide/EK522-Dubai-Thiruvananthapuram-Empty-1-UltraWide-GeminiGenerated.png
/Users/a44/Documents/dojo/dojo/Emirates Illustrations/boarding pass asset /EK522-Dubai-Thiruvananthapuram-Empty-2-GeminiGenerated.png	/Users/a44/Documents/dojo/dojo/Emirates Illustrations/boarding pass asset /Thiruvananthapuram/Standard/EK522-Dubai-Thiruvananthapuram-Empty-2-GeminiGenerated.png
/Users/a44/Documents/dojo/dojo/Emirates Illustrations/boarding pass asset /EK522-Dubai-Thiruvananthapuram-Empty-2-UltraWide-GeminiGenerated.png	/Users/a44/Documents/dojo/dojo/Emirates Illustrations/boarding pass asset /Thiruvananthapuram/UltraWide/EK522-Dubai-Thiruvananthapuram-Empty-2-UltraWide-GeminiGenerated.png
/Users/a44/Documents/dojo/dojo/Emirates Illustrations/boarding pass asset /EK522-Dubai-Thiruvananthapuram-Empty-3-GeminiGenerated.png	/Users/a44/Documents/dojo/dojo/Emirates Illustrations/boarding pass asset /Thiruvananthapuram/Standard/EK522-Dubai-Thiruvananthapuram-Empty-3-GeminiGenerated.png
/Users/a44/Documents/dojo/dojo/Emirates Illustrations/boarding pass asset /EK522-Dubai-Thiruvananthapuram-Empty-3-UltraWide-GeminiGenerated.png	/Users/a44/Documents/dojo/dojo/Emirates Illustrations/boarding pass asset /Thiruvananthapuram/UltraWide/EK522-Dubai-Thiruvananthapuram-Empty-3-UltraWide-GeminiGenerated.png
/Users/a44/Documents/dojo/dojo/Emirates Illustrations/boarding pass asset /EK528-Dubai-Hyderabad-Empty-1-GeminiGenerated.png	/Users/a44/Documents/dojo/dojo/Emirates Illustrations/boarding pass asset /Hyderabad/Standard/EK528-Dubai-Hyderabad-Empty-1-GeminiGenerated.png
/Users/a44/Documents/dojo/dojo/Emirates Illustrations/boarding pass asset /EK528-Dubai-Hyderabad-Empty-1-UltraWide-GeminiGenerated.png	/Users/a44/Documents/dojo/dojo/Emirates Illustrations/boarding pass asset /Hyderabad/UltraWide/EK528-Dubai-Hyderabad-Empty-1-UltraWide-GeminiGenerated.png
/Users/a44/Documents/dojo/dojo/Emirates Illustrations/boarding pass asset /EK528-Dubai-Hyderabad-Empty-2-GeminiGenerated.png	/Users/a44/Documents/dojo/dojo/Emirates Illustrations/boarding pass asset /Hyderabad/Standard/EK528-Dubai-Hyderabad-Empty-2-GeminiGenerated.png
/Users/a44/Documents/dojo/dojo/Emirates Illustrations/boarding pass asset /EK528-Dubai-Hyderabad-Empty-2-UltraWide-GeminiGenerated.png	/Users/a44/Documents/dojo/dojo/Emirates Illustrations/boarding pass asset /Hyderabad/UltraWide/EK528-Dubai-Hyderabad-Empty-2-UltraWide-GeminiGenerated.png
/Users/a44/Documents/dojo/dojo/Emirates Illustrations/boarding pass asset /EK528-Dubai-Hyderabad-Empty-3-GeminiGenerated.png	/Users/a44/Documents/dojo/dojo/Emirates Illustrations/boarding pass asset /Hyderabad/Standard/EK528-Dubai-Hyderabad-Empty-3-GeminiGenerated.png
/Users/a44/Documents/dojo/dojo/Emirates Illustrations/boarding pass asset /EK528-Dubai-Hyderabad-Empty-3-UltraWide-GeminiGenerated.png	/Users/a44/Documents/dojo/dojo/Emirates Illustrations/boarding pass asset /Hyderabad/UltraWide/EK528-Dubai-Hyderabad-Empty-3-UltraWide-GeminiGenerated.png
/Users/a44/Documents/dojo/dojo/Emirates Illustrations/boarding pass asset /EK530-Dubai-Kochi-Empty-1-GeminiGenerated.png	/Users/a44/Documents/dojo/dojo/Emirates Illustrations/boarding pass asset /Kochi/Standard/EK530-Dubai-Kochi-Empty-1-GeminiGenerated.png
/Users/a44/Documents/dojo/dojo/Emirates Illustrations/boarding pass asset /EK530-Dubai-Kochi-Empty-1-UltraWide-GeminiGenerated.png	/Users/a44/Documents/dojo/dojo/Emirates Illustrations/boarding pass asset /Kochi/UltraWide/EK530-Dubai-Kochi-Empty-1-UltraWide-GeminiGenerated.png
/Users/a44/Documents/dojo/dojo/Emirates Illustrations/boarding pass asset /EK530-Dubai-Kochi-Empty-2-GeminiGenerated.png	/Users/a44/Documents/dojo/dojo/Emirates Illustrations/boarding pass asset /Kochi/Standard/EK530-Dubai-Kochi-Empty-2-GeminiGenerated.png
/Users/a44/Documents/dojo/dojo/Emirates Illustrations/boarding pass asset /EK530-Dubai-Kochi-Empty-2-UltraWide-GeminiGenerated.png	/Users/a44/Documents/dojo/dojo/Emirates Illustrations/boarding pass asset /Kochi/UltraWide/EK530-Dubai-Kochi-Empty-2-UltraWide-GeminiGenerated.png
/Users/a44/Documents/dojo/dojo/Emirates Illustrations/boarding pass asset /EK530-Dubai-Kochi-Empty-3-GeminiGenerated.png	/Users/a44/Documents/dojo/dojo/Emirates Illustrations/boarding pass asset /Kochi/Standard/EK530-Dubai-Kochi-Empty-3-GeminiGenerated.png
/Users/a44/Documents/dojo/dojo/Emirates Illustrations/boarding pass asset /EK530-Dubai-Kochi-Empty-3-UltraWide-GeminiGenerated.png	/Users/a44/Documents/dojo/dojo/Emirates Illustrations/boarding pass asset /Kochi/UltraWide/EK530-Dubai-Kochi-Empty-3-UltraWide-GeminiGenerated.png
/Users/a44/Documents/dojo/dojo/Emirates Illustrations/boarding pass asset /EK540-Dubai-Ahmedabad-Empty-1-GeminiGenerated.png	/Users/a44/Documents/dojo/dojo/Emirates Illustrations/boarding pass asset /Ahmedabad/Standard/EK540-Dubai-Ahmedabad-Empty-1-GeminiGenerated.png
/Users/a44/Documents/dojo/dojo/Emirates Illustrations/boarding pass asset /EK540-Dubai-Ahmedabad-Empty-1-UltraWide-GeminiGenerated.png	/Users/a44/Documents/dojo/dojo/Emirates Illustrations/boarding pass asset /Ahmedabad/UltraWide/EK540-Dubai-Ahmedabad-Empty-1-UltraWide-GeminiGenerated.png
/Users/a44/Documents/dojo/dojo/Emirates Illustrations/boarding pass asset /EK540-Dubai-Ahmedabad-Empty-2-GeminiGenerated.png	/Users/a44/Documents/dojo/dojo/Emirates Illustrations/boarding pass asset /Ahmedabad/Standard/EK540-Dubai-Ahmedabad-Empty-2-GeminiGenerated.png
/Users/a44/Documents/dojo/dojo/Emirates Illustrations/boarding pass asset /EK540-Dubai-Ahmedabad-Empty-2-UltraWide-GeminiGenerated.png	/Users/a44/Documents/dojo/dojo/Emirates Illustrations/boarding pass asset /Ahmedabad/UltraWide/EK540-Dubai-Ahmedabad-Empty-2-UltraWide-GeminiGenerated.png
/Users/a44/Documents/dojo/dojo/Emirates Illustrations/boarding pass asset /EK540-Dubai-Ahmedabad-Empty-3-GeminiGenerated.png	/Users/a44/Documents/dojo/dojo/Emirates Illustrations/boarding pass asset /Ahmedabad/Standard/EK540-Dubai-Ahmedabad-Empty-3-GeminiGenerated.png
/Users/a44/Documents/dojo/dojo/Emirates Illustrations/boarding pass asset /EK540-Dubai-Ahmedabad-Empty-3-UltraWide-GeminiGenerated.png	/Users/a44/Documents/dojo/dojo/Emirates Illustrations/boarding pass asset /Ahmedabad/UltraWide/EK540-Dubai-Ahmedabad-Empty-3-UltraWide-GeminiGenerated.png
/Users/a44/Documents/dojo/dojo/Emirates Illustrations/boarding pass asset /EK546-Dubai-Chennai-Empty-1-GeminiGenerated.png	/Users/a44/Documents/dojo/dojo/Emirates Illustrations/boarding pass asset /Chennai/Standard/EK546-Dubai-Chennai-Empty-1-GeminiGenerated.png
/Users/a44/Documents/dojo/dojo/Emirates Illustrations/boarding pass asset /EK546-Dubai-Chennai-Empty-1-UltraWide-GeminiGenerated.png	/Users/a44/Documents/dojo/dojo/Emirates Illustrations/boarding pass asset /Chennai/UltraWide/EK546-Dubai-Chennai-Empty-1-UltraWide-GeminiGenerated.png
/Users/a44/Documents/dojo/dojo/Emirates Illustrations/boarding pass asset /EK546-Dubai-Chennai-Empty-2-GeminiGenerated.png	/Users/a44/Documents/dojo/dojo/Emirates Illustrations/boarding pass asset /Chennai/Standard/EK546-Dubai-Chennai-Empty-2-GeminiGenerated.png
/Users/a44/Documents/dojo/dojo/Emirates Illustrations/boarding pass asset /EK546-Dubai-Chennai-Empty-2-UltraWide-GeminiGenerated.png	/Users/a44/Documents/dojo/dojo/Emirates Illustrations/boarding pass asset /Chennai/UltraWide/EK546-Dubai-Chennai-Empty-2-UltraWide-GeminiGenerated.png
/Users/a44/Documents/dojo/dojo/Emirates Illustrations/boarding pass asset /EK546-Dubai-Chennai-Empty-3-GeminiGenerated.png	/Users/a44/Documents/dojo/dojo/Emirates Illustrations/boarding pass asset /Chennai/Standard/EK546-Dubai-Chennai-Empty-3-GeminiGenerated.png
/Users/a44/Documents/dojo/dojo/Emirates Illustrations/boarding pass asset /EK546-Dubai-Chennai-Empty-3-UltraWide-GeminiGenerated.png	/Users/a44/Documents/dojo/dojo/Emirates Illustrations/boarding pass asset /Chennai/UltraWide/EK546-Dubai-Chennai-Empty-3-UltraWide-GeminiGenerated.png
/Users/a44/Documents/dojo/dojo/Emirates Illustrations/boarding pass asset /EK55-Dubai-Dusseldorf-Empty-1-GeminiGenerated.png	/Users/a44/Documents/dojo/dojo/Emirates Illustrations/boarding pass asset /Dusseldorf/Standard/EK55-Dubai-Dusseldorf-Empty-1-GeminiGenerated.png
/Users/a44/Documents/dojo/dojo/Emirates Illustrations/boarding pass asset /EK55-Dubai-Dusseldorf-Empty-1-UltraWide-GeminiGenerated.png	/Users/a44/Documents/dojo/dojo/Emirates Illustrations/boarding pass asset /Dusseldorf/UltraWide/EK55-Dubai-Dusseldorf-Empty-1-UltraWide-GeminiGenerated.png
/Users/a44/Documents/dojo/dojo/Emirates Illustrations/boarding pass asset /EK55-Dubai-Dusseldorf-Empty-2-GeminiGenerated.png	/Users/a44/Documents/dojo/dojo/Emirates Illustrations/boarding pass asset /Dusseldorf/Standard/EK55-Dubai-Dusseldorf-Empty-2-GeminiGenerated.png
/Users/a44/Documents/dojo/dojo/Emirates Illustrations/boarding pass asset /EK55-Dubai-Dusseldorf-Empty-2-UltraWide-GeminiGenerated.png	/Users/a44/Documents/dojo/dojo/Emirates Illustrations/boarding pass asset /Dusseldorf/UltraWide/EK55-Dubai-Dusseldorf-Empty-2-UltraWide-GeminiGenerated.png
/Users/a44/Documents/dojo/dojo/Emirates Illustrations/boarding pass asset /EK55-Dubai-Dusseldorf-Empty-3-GeminiGenerated.png	/Users/a44/Documents/dojo/dojo/Emirates Illustrations/boarding pass asset /Dusseldorf/Standard/EK55-Dubai-Dusseldorf-Empty-3-GeminiGenerated.png
/Users/a44/Documents/dojo/dojo/Emirates Illustrations/boarding pass asset /EK55-Dubai-Dusseldorf-Empty-3-UltraWide-GeminiGenerated.png	/Users/a44/Documents/dojo/dojo/Emirates Illustrations/boarding pass asset /Dusseldorf/UltraWide/EK55-Dubai-Dusseldorf-Empty-3-UltraWide-GeminiGenerated.png
/Users/a44/Documents/dojo/dojo/Emirates Illustrations/boarding pass asset /EK566-Dubai-Bengaluru-Empty-1-GeminiGenerated.png	/Users/a44/Documents/dojo/dojo/Emirates Illustrations/boarding pass asset /Bengaluru/Standard/EK566-Dubai-Bengaluru-Empty-1-GeminiGenerated.png
/Users/a44/Documents/dojo/dojo/Emirates Illustrations/boarding pass asset /EK566-Dubai-Bengaluru-Empty-1-UltraWide-GeminiGenerated.png	/Users/a44/Documents/dojo/dojo/Emirates Illustrations/boarding pass asset /Bengaluru/UltraWide/EK566-Dubai-Bengaluru-Empty-1-UltraWide-GeminiGenerated.png
/Users/a44/Documents/dojo/dojo/Emirates Illustrations/boarding pass asset /EK566-Dubai-Bengaluru-Empty-2-GeminiGenerated.png	/Users/a44/Documents/dojo/dojo/Emirates Illustrations/boarding pass asset /Bengaluru/Standard/EK566-Dubai-Bengaluru-Empty-2-GeminiGenerated.png
/Users/a44/Documents/dojo/dojo/Emirates Illustrations/boarding pass asset /EK566-Dubai-Bengaluru-Empty-2-UltraWide-GeminiGenerated.png	/Users/a44/Documents/dojo/dojo/Emirates Illustrations/boarding pass asset /Bengaluru/UltraWide/EK566-Dubai-Bengaluru-Empty-2-UltraWide-GeminiGenerated.png
/Users/a44/Documents/dojo/dojo/Emirates Illustrations/boarding pass asset /EK566-Dubai-Bengaluru-Empty-3-GeminiGenerated.png	/Users/a44/Documents/dojo/dojo/Emirates Illustrations/boarding pass asset /Bengaluru/Standard/EK566-Dubai-Bengaluru-Empty-3-GeminiGenerated.png
/Users/a44/Documents/dojo/dojo/Emirates Illustrations/boarding pass asset /EK566-Dubai-Bengaluru-Empty-3-UltraWide-GeminiGenerated.png	/Users/a44/Documents/dojo/dojo/Emirates Illustrations/boarding pass asset /Bengaluru/UltraWide/EK566-Dubai-Bengaluru-Empty-3-UltraWide-GeminiGenerated.png
/Users/a44/Documents/dojo/dojo/Emirates Illustrations/boarding pass asset /EK572-Dubai-Kolkata-Empty-1-GeminiGenerated.png	/Users/a44/Documents/dojo/dojo/Emirates Illustrations/boarding pass asset /Kolkata/Standard/EK572-Dubai-Kolkata-Empty-1-GeminiGenerated.png
/Users/a44/Documents/dojo/dojo/Emirates Illustrations/boarding pass asset /EK572-Dubai-Kolkata-Empty-1-UltraWide-GeminiGenerated.png	/Users/a44/Documents/dojo/dojo/Emirates Illustrations/boarding pass asset /Kolkata/UltraWide/EK572-Dubai-Kolkata-Empty-1-UltraWide-GeminiGenerated.png
/Users/a44/Documents/dojo/dojo/Emirates Illustrations/boarding pass asset /EK572-Dubai-Kolkata-Empty-2-GeminiGenerated.png	/Users/a44/Documents/dojo/dojo/Emirates Illustrations/boarding pass asset /Kolkata/Standard/EK572-Dubai-Kolkata-Empty-2-GeminiGenerated.png
/Users/a44/Documents/dojo/dojo/Emirates Illustrations/boarding pass asset /EK572-Dubai-Kolkata-Empty-2-UltraWide-GeminiGenerated.png	/Users/a44/Documents/dojo/dojo/Emirates Illustrations/boarding pass asset /Kolkata/UltraWide/EK572-Dubai-Kolkata-Empty-2-UltraWide-GeminiGenerated.png
/Users/a44/Documents/dojo/dojo/Emirates Illustrations/boarding pass asset /EK572-Dubai-Kolkata-Empty-3-GeminiGenerated.png	/Users/a44/Documents/dojo/dojo/Emirates Illustrations/boarding pass asset /Kolkata/Standard/EK572-Dubai-Kolkata-Empty-3-GeminiGenerated.png
/Users/a44/Documents/dojo/dojo/Emirates Illustrations/boarding pass asset /EK572-Dubai-Kolkata-Empty-3-UltraWide-GeminiGenerated.png	/Users/a44/Documents/dojo/dojo/Emirates Illustrations/boarding pass asset /Kolkata/UltraWide/EK572-Dubai-Kolkata-Empty-3-UltraWide-GeminiGenerated.png
/Users/a44/Documents/dojo/dojo/Emirates Illustrations/boarding pass asset /EK586-Dubai-Dhaka-Empty-1-GeminiGenerated.png	/Users/a44/Documents/dojo/dojo/Emirates Illustrations/boarding pass asset /Dhaka/Standard/EK586-Dubai-Dhaka-Empty-1-GeminiGenerated.png
/Users/a44/Documents/dojo/dojo/Emirates Illustrations/boarding pass asset /EK586-Dubai-Dhaka-Empty-1-UltraWide-GeminiGenerated.png	/Users/a44/Documents/dojo/dojo/Emirates Illustrations/boarding pass asset /Dhaka/UltraWide/EK586-Dubai-Dhaka-Empty-1-UltraWide-GeminiGenerated.png
/Users/a44/Documents/dojo/dojo/Emirates Illustrations/boarding pass asset /EK586-Dubai-Dhaka-Empty-2-GeminiGenerated.png	/Users/a44/Documents/dojo/dojo/Emirates Illustrations/boarding pass asset /Dhaka/Standard/EK586-Dubai-Dhaka-Empty-2-GeminiGenerated.png
/Users/a44/Documents/dojo/dojo/Emirates Illustrations/boarding pass asset /EK586-Dubai-Dhaka-Empty-2-UltraWide-GeminiGenerated.png	/Users/a44/Documents/dojo/dojo/Emirates Illustrations/boarding pass asset /Dhaka/UltraWide/EK586-Dubai-Dhaka-Empty-2-UltraWide-GeminiGenerated.png
/Users/a44/Documents/dojo/dojo/Emirates Illustrations/boarding pass asset /EK586-Dubai-Dhaka-Empty-3-GeminiGenerated.png	/Users/a44/Documents/dojo/dojo/Emirates Illustrations/boarding pass asset /Dhaka/Standard/EK586-Dubai-Dhaka-Empty-3-GeminiGenerated.png
/Users/a44/Documents/dojo/dojo/Emirates Illustrations/boarding pass asset /EK586-Dubai-Dhaka-Empty-3-UltraWide-GeminiGenerated.png	/Users/a44/Documents/dojo/dojo/Emirates Illustrations/boarding pass asset /Dhaka/UltraWide/EK586-Dubai-Dhaka-Empty-3-UltraWide-GeminiGenerated.png
/Users/a44/Documents/dojo/dojo/Emirates Illustrations/boarding pass asset /EK59-Dubai-Hamburg-Empty-1-GeminiGenerated.png	/Users/a44/Documents/dojo/dojo/Emirates Illustrations/boarding pass asset /Hamburg/Standard/EK59-Dubai-Hamburg-Empty-1-GeminiGenerated.png
/Users/a44/Documents/dojo/dojo/Emirates Illustrations/boarding pass asset /EK59-Dubai-Hamburg-Empty-1-UltraWide-GeminiGenerated.png	/Users/a44/Documents/dojo/dojo/Emirates Illustrations/boarding pass asset /Hamburg/UltraWide/EK59-Dubai-Hamburg-Empty-1-UltraWide-GeminiGenerated.png
/Users/a44/Documents/dojo/dojo/Emirates Illustrations/boarding pass asset /EK59-Dubai-Hamburg-Empty-2-GeminiGenerated.png	/Users/a44/Documents/dojo/dojo/Emirates Illustrations/boarding pass asset /Hamburg/Standard/EK59-Dubai-Hamburg-Empty-2-GeminiGenerated.png
/Users/a44/Documents/dojo/dojo/Emirates Illustrations/boarding pass asset /EK59-Dubai-Hamburg-Empty-2-UltraWide-GeminiGenerated.png	/Users/a44/Documents/dojo/dojo/Emirates Illustrations/boarding pass asset /Hamburg/UltraWide/EK59-Dubai-Hamburg-Empty-2-UltraWide-GeminiGenerated.png
/Users/a44/Documents/dojo/dojo/Emirates Illustrations/boarding pass asset /EK59-Dubai-Hamburg-Empty-3-GeminiGenerated.png	/Users/a44/Documents/dojo/dojo/Emirates Illustrations/boarding pass asset /Hamburg/Standard/EK59-Dubai-Hamburg-Empty-3-GeminiGenerated.png
/Users/a44/Documents/dojo/dojo/Emirates Illustrations/boarding pass asset /EK59-Dubai-Hamburg-Empty-3-UltraWide-GeminiGenerated.png	/Users/a44/Documents/dojo/dojo/Emirates Illustrations/boarding pass asset /Hamburg/UltraWide/EK59-Dubai-Hamburg-Empty-3-UltraWide-GeminiGenerated.png
/Users/a44/Documents/dojo/dojo/Emirates Illustrations/boarding pass asset /EK600-Dubai-Karachi-EK600-Empty-1-GeminiGenerated.png	/Users/a44/Documents/dojo/dojo/Emirates Illustrations/boarding pass asset /Karachi/Standard/EK600-Dubai-Karachi-EK600-Empty-1-GeminiGenerated.png
/Users/a44/Documents/dojo/dojo/Emirates Illustrations/boarding pass asset /EK600-Dubai-Karachi-EK600-Empty-1-UltraWide-GeminiGenerated.png	/Users/a44/Documents/dojo/dojo/Emirates Illustrations/boarding pass asset /Karachi/UltraWide/EK600-Dubai-Karachi-EK600-Empty-1-UltraWide-GeminiGenerated.png
/Users/a44/Documents/dojo/dojo/Emirates Illustrations/boarding pass asset /EK600-Dubai-Karachi-EK600-Empty-2-GeminiGenerated.png	/Users/a44/Documents/dojo/dojo/Emirates Illustrations/boarding pass asset /Karachi/Standard/EK600-Dubai-Karachi-EK600-Empty-2-GeminiGenerated.png
/Users/a44/Documents/dojo/dojo/Emirates Illustrations/boarding pass asset /EK600-Dubai-Karachi-EK600-Empty-2-UltraWide-GeminiGenerated.png	/Users/a44/Documents/dojo/dojo/Emirates Illustrations/boarding pass asset /Karachi/UltraWide/EK600-Dubai-Karachi-EK600-Empty-2-UltraWide-GeminiGenerated.png
/Users/a44/Documents/dojo/dojo/Emirates Illustrations/boarding pass asset /EK600-Dubai-Karachi-EK600-Empty-3-GeminiGenerated.png	/Users/a44/Documents/dojo/dojo/Emirates Illustrations/boarding pass asset /Karachi/Standard/EK600-Dubai-Karachi-EK600-Empty-3-GeminiGenerated.png
/Users/a44/Documents/dojo/dojo/Emirates Illustrations/boarding pass asset /EK600-Dubai-Karachi-EK600-Empty-3-UltraWide-GeminiGenerated.png	/Users/a44/Documents/dojo/dojo/Emirates Illustrations/boarding pass asset /Karachi/UltraWide/EK600-Dubai-Karachi-EK600-Empty-3-UltraWide-GeminiGenerated.png
/Users/a44/Documents/dojo/dojo/Emirates Illustrations/boarding pass asset /EK602-Dubai-Karachi-EK602-Empty-1-GeminiGenerated.png	/Users/a44/Documents/dojo/dojo/Emirates Illustrations/boarding pass asset /Karachi/Standard/EK602-Dubai-Karachi-EK602-Empty-1-GeminiGenerated.png
/Users/a44/Documents/dojo/dojo/Emirates Illustrations/boarding pass asset /EK602-Dubai-Karachi-EK602-Empty-1-UltraWide-GeminiGenerated.png	/Users/a44/Documents/dojo/dojo/Emirates Illustrations/boarding pass asset /Karachi/UltraWide/EK602-Dubai-Karachi-EK602-Empty-1-UltraWide-GeminiGenerated.png
/Users/a44/Documents/dojo/dojo/Emirates Illustrations/boarding pass asset /EK602-Dubai-Karachi-EK602-Empty-2-GeminiGenerated.png	/Users/a44/Documents/dojo/dojo/Emirates Illustrations/boarding pass asset /Karachi/Standard/EK602-Dubai-Karachi-EK602-Empty-2-GeminiGenerated.png
/Users/a44/Documents/dojo/dojo/Emirates Illustrations/boarding pass asset /EK602-Dubai-Karachi-EK602-Empty-2-UltraWide-GeminiGenerated.png	/Users/a44/Documents/dojo/dojo/Emirates Illustrations/boarding pass asset /Karachi/UltraWide/EK602-Dubai-Karachi-EK602-Empty-2-UltraWide-GeminiGenerated.png
/Users/a44/Documents/dojo/dojo/Emirates Illustrations/boarding pass asset /EK602-Dubai-Karachi-EK602-Empty-3-GeminiGenerated.png	/Users/a44/Documents/dojo/dojo/Emirates Illustrations/boarding pass asset /Karachi/Standard/EK602-Dubai-Karachi-EK602-Empty-3-GeminiGenerated.png
/Users/a44/Documents/dojo/dojo/Emirates Illustrations/boarding pass asset /EK602-Dubai-Karachi-EK602-Empty-3-UltraWide-GeminiGenerated.png	/Users/a44/Documents/dojo/dojo/Emirates Illustrations/boarding pass asset /Karachi/UltraWide/EK602-Dubai-Karachi-EK602-Empty-3-UltraWide-GeminiGenerated.png
/Users/a44/Documents/dojo/dojo/Emirates Illustrations/boarding pass asset /EK612-Dubai-Islamabad-Empty-1-GeminiGenerated.png	/Users/a44/Documents/dojo/dojo/Emirates Illustrations/boarding pass asset /Islamabad/Standard/EK612-Dubai-Islamabad-Empty-1-GeminiGenerated.png
/Users/a44/Documents/dojo/dojo/Emirates Illustrations/boarding pass asset /EK612-Dubai-Islamabad-Empty-1-UltraWide-GeminiGenerated.png	/Users/a44/Documents/dojo/dojo/Emirates Illustrations/boarding pass asset /Islamabad/UltraWide/EK612-Dubai-Islamabad-Empty-1-UltraWide-GeminiGenerated.png
/Users/a44/Documents/dojo/dojo/Emirates Illustrations/boarding pass asset /EK612-Dubai-Islamabad-Empty-2-GeminiGenerated.png	/Users/a44/Documents/dojo/dojo/Emirates Illustrations/boarding pass asset /Islamabad/Standard/EK612-Dubai-Islamabad-Empty-2-GeminiGenerated.png
/Users/a44/Documents/dojo/dojo/Emirates Illustrations/boarding pass asset /EK612-Dubai-Islamabad-Empty-2-UltraWide-GeminiGenerated.png	/Users/a44/Documents/dojo/dojo/Emirates Illustrations/boarding pass asset /Islamabad/UltraWide/EK612-Dubai-Islamabad-Empty-2-UltraWide-GeminiGenerated.png
/Users/a44/Documents/dojo/dojo/Emirates Illustrations/boarding pass asset /EK612-Dubai-Islamabad-Empty-3-GeminiGenerated.png	/Users/a44/Documents/dojo/dojo/Emirates Illustrations/boarding pass asset /Islamabad/Standard/EK612-Dubai-Islamabad-Empty-3-GeminiGenerated.png
/Users/a44/Documents/dojo/dojo/Emirates Illustrations/boarding pass asset /EK612-Dubai-Islamabad-Empty-3-UltraWide-GeminiGenerated.png	/Users/a44/Documents/dojo/dojo/Emirates Illustrations/boarding pass asset /Islamabad/UltraWide/EK612-Dubai-Islamabad-Empty-3-UltraWide-GeminiGenerated.png
/Users/a44/Documents/dojo/dojo/Emirates Illustrations/boarding pass asset /EK618-Dubai-Sialkot-Empty-1-GeminiGenerated.png	/Users/a44/Documents/dojo/dojo/Emirates Illustrations/boarding pass asset /Sialkot/Standard/EK618-Dubai-Sialkot-Empty-1-GeminiGenerated.png
/Users/a44/Documents/dojo/dojo/Emirates Illustrations/boarding pass asset /EK618-Dubai-Sialkot-Empty-1-UltraWide-GeminiGenerated.png	/Users/a44/Documents/dojo/dojo/Emirates Illustrations/boarding pass asset /Sialkot/UltraWide/EK618-Dubai-Sialkot-Empty-1-UltraWide-GeminiGenerated.png
/Users/a44/Documents/dojo/dojo/Emirates Illustrations/boarding pass asset /EK618-Dubai-Sialkot-Empty-2-GeminiGenerated.png	/Users/a44/Documents/dojo/dojo/Emirates Illustrations/boarding pass asset /Sialkot/Standard/EK618-Dubai-Sialkot-Empty-2-GeminiGenerated.png
/Users/a44/Documents/dojo/dojo/Emirates Illustrations/boarding pass asset /EK618-Dubai-Sialkot-Empty-2-UltraWide-GeminiGenerated.png	/Users/a44/Documents/dojo/dojo/Emirates Illustrations/boarding pass asset /Sialkot/UltraWide/EK618-Dubai-Sialkot-Empty-2-UltraWide-GeminiGenerated.png
/Users/a44/Documents/dojo/dojo/Emirates Illustrations/boarding pass asset /EK618-Dubai-Sialkot-Empty-3-GeminiGenerated.png	/Users/a44/Documents/dojo/dojo/Emirates Illustrations/boarding pass asset /Sialkot/Standard/EK618-Dubai-Sialkot-Empty-3-GeminiGenerated.png
/Users/a44/Documents/dojo/dojo/Emirates Illustrations/boarding pass asset /EK618-Dubai-Sialkot-Empty-3-UltraWide-GeminiGenerated.png	/Users/a44/Documents/dojo/dojo/Emirates Illustrations/boarding pass asset /Sialkot/UltraWide/EK618-Dubai-Sialkot-Empty-3-UltraWide-GeminiGenerated.png
/Users/a44/Documents/dojo/dojo/Emirates Illustrations/boarding pass asset /EK624-Dubai-Lahore-Empty-1-GeminiGenerated.png	/Users/a44/Documents/dojo/dojo/Emirates Illustrations/boarding pass asset /Lahore/Standard/EK624-Dubai-Lahore-Empty-1-GeminiGenerated.png
/Users/a44/Documents/dojo/dojo/Emirates Illustrations/boarding pass asset /EK624-Dubai-Lahore-Empty-1-UltraWide-GeminiGenerated.png	/Users/a44/Documents/dojo/dojo/Emirates Illustrations/boarding pass asset /Lahore/UltraWide/EK624-Dubai-Lahore-Empty-1-UltraWide-GeminiGenerated.png
/Users/a44/Documents/dojo/dojo/Emirates Illustrations/boarding pass asset /EK624-Dubai-Lahore-Empty-2-GeminiGenerated.png	/Users/a44/Documents/dojo/dojo/Emirates Illustrations/boarding pass asset /Lahore/Standard/EK624-Dubai-Lahore-Empty-2-GeminiGenerated.png
/Users/a44/Documents/dojo/dojo/Emirates Illustrations/boarding pass asset /EK624-Dubai-Lahore-Empty-2-UltraWide-GeminiGenerated.png	/Users/a44/Documents/dojo/dojo/Emirates Illustrations/boarding pass asset /Lahore/UltraWide/EK624-Dubai-Lahore-Empty-2-UltraWide-GeminiGenerated.png
/Users/a44/Documents/dojo/dojo/Emirates Illustrations/boarding pass asset /EK624-Dubai-Lahore-Empty-3-GeminiGenerated.png	/Users/a44/Documents/dojo/dojo/Emirates Illustrations/boarding pass asset /Lahore/Standard/EK624-Dubai-Lahore-Empty-3-GeminiGenerated.png
/Users/a44/Documents/dojo/dojo/Emirates Illustrations/boarding pass asset /EK624-Dubai-Lahore-Empty-3-UltraWide-GeminiGenerated.png	/Users/a44/Documents/dojo/dojo/Emirates Illustrations/boarding pass asset /Lahore/UltraWide/EK624-Dubai-Lahore-Empty-3-UltraWide-GeminiGenerated.png
/Users/a44/Documents/dojo/dojo/Emirates Illustrations/boarding pass asset /EK65-Dubai-London-STN-Empty-1-GeminiGenerated.png	/Users/a44/Documents/dojo/dojo/Emirates Illustrations/boarding pass asset /London/Standard/EK65-Dubai-London-STN-Empty-1-GeminiGenerated.png
/Users/a44/Documents/dojo/dojo/Emirates Illustrations/boarding pass asset /EK65-Dubai-London-STN-Empty-1-UltraWide-GeminiGenerated.png	/Users/a44/Documents/dojo/dojo/Emirates Illustrations/boarding pass asset /London/UltraWide/EK65-Dubai-London-STN-Empty-1-UltraWide-GeminiGenerated.png
/Users/a44/Documents/dojo/dojo/Emirates Illustrations/boarding pass asset /EK65-Dubai-London-STN-Empty-2-GeminiGenerated.png	/Users/a44/Documents/dojo/dojo/Emirates Illustrations/boarding pass asset /London/Standard/EK65-Dubai-London-STN-Empty-2-GeminiGenerated.png
/Users/a44/Documents/dojo/dojo/Emirates Illustrations/boarding pass asset /EK65-Dubai-London-STN-Empty-2-UltraWide-GeminiGenerated.png	/Users/a44/Documents/dojo/dojo/Emirates Illustrations/boarding pass asset /London/UltraWide/EK65-Dubai-London-STN-Empty-2-UltraWide-GeminiGenerated.png
/Users/a44/Documents/dojo/dojo/Emirates Illustrations/boarding pass asset /EK65-Dubai-London-STN-Empty-3-GeminiGenerated.png	/Users/a44/Documents/dojo/dojo/Emirates Illustrations/boarding pass asset /London/Standard/EK65-Dubai-London-STN-Empty-3-GeminiGenerated.png
/Users/a44/Documents/dojo/dojo/Emirates Illustrations/boarding pass asset /EK65-Dubai-London-STN-Empty-3-UltraWide-GeminiGenerated.png	/Users/a44/Documents/dojo/dojo/Emirates Illustrations/boarding pass asset /London/UltraWide/EK65-Dubai-London-STN-Empty-3-UltraWide-GeminiGenerated.png
/Users/a44/Documents/dojo/dojo/Emirates Illustrations/boarding pass asset /EK654-Dubai-Colombo-Empty-1-GeminiGenerated.png	/Users/a44/Documents/dojo/dojo/Emirates Illustrations/boarding pass asset /Colombo/Standard/EK654-Dubai-Colombo-Empty-1-GeminiGenerated.png
/Users/a44/Documents/dojo/dojo/Emirates Illustrations/boarding pass asset /EK654-Dubai-Colombo-Empty-1-UltraWide-GeminiGenerated.png	/Users/a44/Documents/dojo/dojo/Emirates Illustrations/boarding pass asset /Colombo/UltraWide/EK654-Dubai-Colombo-Empty-1-UltraWide-GeminiGenerated.png
/Users/a44/Documents/dojo/dojo/Emirates Illustrations/boarding pass asset /EK654-Dubai-Colombo-Empty-2-GeminiGenerated.png	/Users/a44/Documents/dojo/dojo/Emirates Illustrations/boarding pass asset /Colombo/Standard/EK654-Dubai-Colombo-Empty-2-GeminiGenerated.png
/Users/a44/Documents/dojo/dojo/Emirates Illustrations/boarding pass asset /EK654-Dubai-Colombo-Empty-2-UltraWide-GeminiGenerated.png	/Users/a44/Documents/dojo/dojo/Emirates Illustrations/boarding pass asset /Colombo/UltraWide/EK654-Dubai-Colombo-Empty-2-UltraWide-GeminiGenerated.png
/Users/a44/Documents/dojo/dojo/Emirates Illustrations/boarding pass asset /EK654-Dubai-Colombo-Empty-3-GeminiGenerated.png	/Users/a44/Documents/dojo/dojo/Emirates Illustrations/boarding pass asset /Colombo/Standard/EK654-Dubai-Colombo-Empty-3-GeminiGenerated.png
/Users/a44/Documents/dojo/dojo/Emirates Illustrations/boarding pass asset /EK654-Dubai-Colombo-Empty-3-UltraWide-GeminiGenerated.png	/Users/a44/Documents/dojo/dojo/Emirates Illustrations/boarding pass asset /Colombo/UltraWide/EK654-Dubai-Colombo-Empty-3-UltraWide-GeminiGenerated.png
/Users/a44/Documents/dojo/dojo/Emirates Illustrations/boarding pass asset /EK660-Dubai-Male-Empty-1-GeminiGenerated.png	/Users/a44/Documents/dojo/dojo/Emirates Illustrations/boarding pass asset /Male/Standard/EK660-Dubai-Male-Empty-1-GeminiGenerated.png
/Users/a44/Documents/dojo/dojo/Emirates Illustrations/boarding pass asset /EK660-Dubai-Male-Empty-1-UltraWide-GeminiGenerated.png	/Users/a44/Documents/dojo/dojo/Emirates Illustrations/boarding pass asset /Male/UltraWide/EK660-Dubai-Male-Empty-1-UltraWide-GeminiGenerated.png
/Users/a44/Documents/dojo/dojo/Emirates Illustrations/boarding pass asset /EK660-Dubai-Male-Empty-2-GeminiGenerated.png	/Users/a44/Documents/dojo/dojo/Emirates Illustrations/boarding pass asset /Male/Standard/EK660-Dubai-Male-Empty-2-GeminiGenerated.png
/Users/a44/Documents/dojo/dojo/Emirates Illustrations/boarding pass asset /EK660-Dubai-Male-Empty-2-UltraWide-GeminiGenerated.png	/Users/a44/Documents/dojo/dojo/Emirates Illustrations/boarding pass asset /Male/UltraWide/EK660-Dubai-Male-Empty-2-UltraWide-GeminiGenerated.png
/Users/a44/Documents/dojo/dojo/Emirates Illustrations/boarding pass asset /EK660-Dubai-Male-Empty-3-GeminiGenerated.png	/Users/a44/Documents/dojo/dojo/Emirates Illustrations/boarding pass asset /Male/Standard/EK660-Dubai-Male-Empty-3-GeminiGenerated.png
/Users/a44/Documents/dojo/dojo/Emirates Illustrations/boarding pass asset /EK660-Dubai-Male-Empty-3-UltraWide-GeminiGenerated.png	/Users/a44/Documents/dojo/dojo/Emirates Illustrations/boarding pass asset /Male/UltraWide/EK660-Dubai-Male-Empty-3-UltraWide-GeminiGenerated.png
/Users/a44/Documents/dojo/dojo/Emirates Illustrations/boarding pass asset /EK703-Dubai-Mauritius-Empty-1-GeminiGenerated.png	/Users/a44/Documents/dojo/dojo/Emirates Illustrations/boarding pass asset /Mauritius/Standard/EK703-Dubai-Mauritius-Empty-1-GeminiGenerated.png
/Users/a44/Documents/dojo/dojo/Emirates Illustrations/boarding pass asset /EK703-Dubai-Mauritius-Empty-1-UltraWide-GeminiGenerated.png	/Users/a44/Documents/dojo/dojo/Emirates Illustrations/boarding pass asset /Mauritius/UltraWide/EK703-Dubai-Mauritius-Empty-1-UltraWide-GeminiGenerated.png
/Users/a44/Documents/dojo/dojo/Emirates Illustrations/boarding pass asset /EK703-Dubai-Mauritius-Empty-2-GeminiGenerated.png	/Users/a44/Documents/dojo/dojo/Emirates Illustrations/boarding pass asset /Mauritius/Standard/EK703-Dubai-Mauritius-Empty-2-GeminiGenerated.png
/Users/a44/Documents/dojo/dojo/Emirates Illustrations/boarding pass asset /EK703-Dubai-Mauritius-Empty-2-UltraWide-GeminiGenerated.png	/Users/a44/Documents/dojo/dojo/Emirates Illustrations/boarding pass asset /Mauritius/UltraWide/EK703-Dubai-Mauritius-Empty-2-UltraWide-GeminiGenerated.png
/Users/a44/Documents/dojo/dojo/Emirates Illustrations/boarding pass asset /EK703-Dubai-Mauritius-Empty-3-GeminiGenerated.png	/Users/a44/Documents/dojo/dojo/Emirates Illustrations/boarding pass asset /Mauritius/Standard/EK703-Dubai-Mauritius-Empty-3-GeminiGenerated.png
/Users/a44/Documents/dojo/dojo/Emirates Illustrations/boarding pass asset /EK703-Dubai-Mauritius-Empty-3-UltraWide-GeminiGenerated.png	/Users/a44/Documents/dojo/dojo/Emirates Illustrations/boarding pass asset /Mauritius/UltraWide/EK703-Dubai-Mauritius-Empty-3-UltraWide-GeminiGenerated.png
/Users/a44/Documents/dojo/dojo/Emirates Illustrations/boarding pass asset /EK707-Dubai-Mahe-Empty-1-GeminiGenerated.png	/Users/a44/Documents/dojo/dojo/Emirates Illustrations/boarding pass asset /Mahe/Standard/EK707-Dubai-Mahe-Empty-1-GeminiGenerated.png
/Users/a44/Documents/dojo/dojo/Emirates Illustrations/boarding pass asset /EK707-Dubai-Mahe-Empty-1-UltraWide-GeminiGenerated.png	/Users/a44/Documents/dojo/dojo/Emirates Illustrations/boarding pass asset /Mahe/UltraWide/EK707-Dubai-Mahe-Empty-1-UltraWide-GeminiGenerated.png
/Users/a44/Documents/dojo/dojo/Emirates Illustrations/boarding pass asset /EK707-Dubai-Mahe-Empty-2-GeminiGenerated.png	/Users/a44/Documents/dojo/dojo/Emirates Illustrations/boarding pass asset /Mahe/Standard/EK707-Dubai-Mahe-Empty-2-GeminiGenerated.png
/Users/a44/Documents/dojo/dojo/Emirates Illustrations/boarding pass asset /EK707-Dubai-Mahe-Empty-2-UltraWide-GeminiGenerated.png	/Users/a44/Documents/dojo/dojo/Emirates Illustrations/boarding pass asset /Mahe/UltraWide/EK707-Dubai-Mahe-Empty-2-UltraWide-GeminiGenerated.png
/Users/a44/Documents/dojo/dojo/Emirates Illustrations/boarding pass asset /EK707-Dubai-Mahe-Empty-3-GeminiGenerated.png	/Users/a44/Documents/dojo/dojo/Emirates Illustrations/boarding pass asset /Mahe/Standard/EK707-Dubai-Mahe-Empty-3-GeminiGenerated.png
/Users/a44/Documents/dojo/dojo/Emirates Illustrations/boarding pass asset /EK707-Dubai-Mahe-Empty-3-UltraWide-GeminiGenerated.png	/Users/a44/Documents/dojo/dojo/Emirates Illustrations/boarding pass asset /Mahe/UltraWide/EK707-Dubai-Mahe-Empty-3-UltraWide-GeminiGenerated.png
/Users/a44/Documents/dojo/dojo/Emirates Illustrations/boarding pass asset /EK713-Dubai-Lusaka-Empty-1-GeminiGenerated.png	/Users/a44/Documents/dojo/dojo/Emirates Illustrations/boarding pass asset /Lusaka/Standard/EK713-Dubai-Lusaka-Empty-1-GeminiGenerated.png
/Users/a44/Documents/dojo/dojo/Emirates Illustrations/boarding pass asset /EK713-Dubai-Lusaka-Empty-1-UltraWide-GeminiGenerated.png	/Users/a44/Documents/dojo/dojo/Emirates Illustrations/boarding pass asset /Lusaka/UltraWide/EK713-Dubai-Lusaka-Empty-1-UltraWide-GeminiGenerated.png
/Users/a44/Documents/dojo/dojo/Emirates Illustrations/boarding pass asset /EK713-Dubai-Lusaka-Empty-2-GeminiGenerated.png	/Users/a44/Documents/dojo/dojo/Emirates Illustrations/boarding pass asset /Lusaka/Standard/EK713-Dubai-Lusaka-Empty-2-GeminiGenerated.png
/Users/a44/Documents/dojo/dojo/Emirates Illustrations/boarding pass asset /EK713-Dubai-Lusaka-Empty-2-UltraWide-GeminiGenerated.png	/Users/a44/Documents/dojo/dojo/Emirates Illustrations/boarding pass asset /Lusaka/UltraWide/EK713-Dubai-Lusaka-Empty-2-UltraWide-GeminiGenerated.png
/Users/a44/Documents/dojo/dojo/Emirates Illustrations/boarding pass asset /EK713-Dubai-Lusaka-Empty-3-GeminiGenerated.png	/Users/a44/Documents/dojo/dojo/Emirates Illustrations/boarding pass asset /Lusaka/Standard/EK713-Dubai-Lusaka-Empty-3-GeminiGenerated.png
/Users/a44/Documents/dojo/dojo/Emirates Illustrations/boarding pass asset /EK713-Dubai-Lusaka-Empty-3-UltraWide-GeminiGenerated.png	/Users/a44/Documents/dojo/dojo/Emirates Illustrations/boarding pass asset /Lusaka/UltraWide/EK713-Dubai-Lusaka-Empty-3-UltraWide-GeminiGenerated.png
/Users/a44/Documents/dojo/dojo/Emirates Illustrations/boarding pass asset /EK719-Dubai-Nairobi-Empty-1-GeminiGenerated.png	/Users/a44/Documents/dojo/dojo/Emirates Illustrations/boarding pass asset /Nairobi/Standard/EK719-Dubai-Nairobi-Empty-1-GeminiGenerated.png
/Users/a44/Documents/dojo/dojo/Emirates Illustrations/boarding pass asset /EK719-Dubai-Nairobi-Empty-1-UltraWide-GeminiGenerated.png	/Users/a44/Documents/dojo/dojo/Emirates Illustrations/boarding pass asset /Nairobi/UltraWide/EK719-Dubai-Nairobi-Empty-1-UltraWide-GeminiGenerated.png
/Users/a44/Documents/dojo/dojo/Emirates Illustrations/boarding pass asset /EK719-Dubai-Nairobi-Empty-2-GeminiGenerated.png	/Users/a44/Documents/dojo/dojo/Emirates Illustrations/boarding pass asset /Nairobi/Standard/EK719-Dubai-Nairobi-Empty-2-GeminiGenerated.png
/Users/a44/Documents/dojo/dojo/Emirates Illustrations/boarding pass asset /EK719-Dubai-Nairobi-Empty-2-UltraWide-GeminiGenerated.png	/Users/a44/Documents/dojo/dojo/Emirates Illustrations/boarding pass asset /Nairobi/UltraWide/EK719-Dubai-Nairobi-Empty-2-UltraWide-GeminiGenerated.png
/Users/a44/Documents/dojo/dojo/Emirates Illustrations/boarding pass asset /EK719-Dubai-Nairobi-Empty-3-GeminiGenerated.png	/Users/a44/Documents/dojo/dojo/Emirates Illustrations/boarding pass asset /Nairobi/Standard/EK719-Dubai-Nairobi-Empty-3-GeminiGenerated.png
/Users/a44/Documents/dojo/dojo/Emirates Illustrations/boarding pass asset /EK719-Dubai-Nairobi-Empty-3-UltraWide-GeminiGenerated.png	/Users/a44/Documents/dojo/dojo/Emirates Illustrations/boarding pass asset /Nairobi/UltraWide/EK719-Dubai-Nairobi-Empty-3-UltraWide-GeminiGenerated.png
/Users/a44/Documents/dojo/dojo/Emirates Illustrations/boarding pass asset /EK723-Dubai-AddisAbaba-Empty-1-GeminiGenerated.png	/Users/a44/Documents/dojo/dojo/Emirates Illustrations/boarding pass asset /AddisAbaba/Standard/EK723-Dubai-AddisAbaba-Empty-1-GeminiGenerated.png
/Users/a44/Documents/dojo/dojo/Emirates Illustrations/boarding pass asset /EK723-Dubai-AddisAbaba-Empty-1-UltraWide-GeminiGenerated.png	/Users/a44/Documents/dojo/dojo/Emirates Illustrations/boarding pass asset /AddisAbaba/UltraWide/EK723-Dubai-AddisAbaba-Empty-1-UltraWide-GeminiGenerated.png
/Users/a44/Documents/dojo/dojo/Emirates Illustrations/boarding pass asset /EK723-Dubai-AddisAbaba-Empty-2-GeminiGenerated.png	/Users/a44/Documents/dojo/dojo/Emirates Illustrations/boarding pass asset /AddisAbaba/Standard/EK723-Dubai-AddisAbaba-Empty-2-GeminiGenerated.png
/Users/a44/Documents/dojo/dojo/Emirates Illustrations/boarding pass asset /EK723-Dubai-AddisAbaba-Empty-2-UltraWide-GeminiGenerated.png	/Users/a44/Documents/dojo/dojo/Emirates Illustrations/boarding pass asset /AddisAbaba/UltraWide/EK723-Dubai-AddisAbaba-Empty-2-UltraWide-GeminiGenerated.png
/Users/a44/Documents/dojo/dojo/Emirates Illustrations/boarding pass asset /EK723-Dubai-AddisAbaba-Empty-3-GeminiGenerated.png	/Users/a44/Documents/dojo/dojo/Emirates Illustrations/boarding pass asset /AddisAbaba/Standard/EK723-Dubai-AddisAbaba-Empty-3-GeminiGenerated.png
/Users/a44/Documents/dojo/dojo/Emirates Illustrations/boarding pass asset /EK723-Dubai-AddisAbaba-Empty-3-UltraWide-GeminiGenerated.png	/Users/a44/Documents/dojo/dojo/Emirates Illustrations/boarding pass asset /AddisAbaba/UltraWide/EK723-Dubai-AddisAbaba-Empty-3-UltraWide-GeminiGenerated.png
/Users/a44/Documents/dojo/dojo/Emirates Illustrations/boarding pass asset /EK725-Dubai-DarEsSalaam-Empty-1-GeminiGenerated.png	/Users/a44/Documents/dojo/dojo/Emirates Illustrations/boarding pass asset /DarEsSalaam/Standard/EK725-Dubai-DarEsSalaam-Empty-1-GeminiGenerated.png
/Users/a44/Documents/dojo/dojo/Emirates Illustrations/boarding pass asset /EK725-Dubai-DarEsSalaam-Empty-1-UltraWide-GeminiGenerated.png	/Users/a44/Documents/dojo/dojo/Emirates Illustrations/boarding pass asset /DarEsSalaam/UltraWide/EK725-Dubai-DarEsSalaam-Empty-1-UltraWide-GeminiGenerated.png
/Users/a44/Documents/dojo/dojo/Emirates Illustrations/boarding pass asset /EK725-Dubai-DarEsSalaam-Empty-2-GeminiGenerated.png	/Users/a44/Documents/dojo/dojo/Emirates Illustrations/boarding pass asset /DarEsSalaam/Standard/EK725-Dubai-DarEsSalaam-Empty-2-GeminiGenerated.png
/Users/a44/Documents/dojo/dojo/Emirates Illustrations/boarding pass asset /EK725-Dubai-DarEsSalaam-Empty-2-UltraWide-GeminiGenerated.png	/Users/a44/Documents/dojo/dojo/Emirates Illustrations/boarding pass asset /DarEsSalaam/UltraWide/EK725-Dubai-DarEsSalaam-Empty-2-UltraWide-GeminiGenerated.png
/Users/a44/Documents/dojo/dojo/Emirates Illustrations/boarding pass asset /EK725-Dubai-DarEsSalaam-Empty-3-GeminiGenerated.png	/Users/a44/Documents/dojo/dojo/Emirates Illustrations/boarding pass asset /DarEsSalaam/Standard/EK725-Dubai-DarEsSalaam-Empty-3-GeminiGenerated.png
/Users/a44/Documents/dojo/dojo/Emirates Illustrations/boarding pass asset /EK725-Dubai-DarEsSalaam-Empty-3-UltraWide-GeminiGenerated.png	/Users/a44/Documents/dojo/dojo/Emirates Illustrations/boarding pass asset /DarEsSalaam/UltraWide/EK725-Dubai-DarEsSalaam-Empty-3-UltraWide-GeminiGenerated.png
/Users/a44/Documents/dojo/dojo/Emirates Illustrations/boarding pass asset /EK729-Dubai-Entebbe-Empty-1-GeminiGenerated.png	/Users/a44/Documents/dojo/dojo/Emirates Illustrations/boarding pass asset /Entebbe/Standard/EK729-Dubai-Entebbe-Empty-1-GeminiGenerated.png
/Users/a44/Documents/dojo/dojo/Emirates Illustrations/boarding pass asset /EK729-Dubai-Entebbe-Empty-1-UltraWide-GeminiGenerated.png	/Users/a44/Documents/dojo/dojo/Emirates Illustrations/boarding pass asset /Entebbe/UltraWide/EK729-Dubai-Entebbe-Empty-1-UltraWide-GeminiGenerated.png
/Users/a44/Documents/dojo/dojo/Emirates Illustrations/boarding pass asset /EK729-Dubai-Entebbe-Empty-2-GeminiGenerated.png	/Users/a44/Documents/dojo/dojo/Emirates Illustrations/boarding pass asset /Entebbe/Standard/EK729-Dubai-Entebbe-Empty-2-GeminiGenerated.png
/Users/a44/Documents/dojo/dojo/Emirates Illustrations/boarding pass asset /EK729-Dubai-Entebbe-Empty-2-UltraWide-GeminiGenerated.png	/Users/a44/Documents/dojo/dojo/Emirates Illustrations/boarding pass asset /Entebbe/UltraWide/EK729-Dubai-Entebbe-Empty-2-UltraWide-GeminiGenerated.png
/Users/a44/Documents/dojo/dojo/Emirates Illustrations/boarding pass asset /EK729-Dubai-Entebbe-Empty-3-GeminiGenerated.png	/Users/a44/Documents/dojo/dojo/Emirates Illustrations/boarding pass asset /Entebbe/Standard/EK729-Dubai-Entebbe-Empty-3-GeminiGenerated.png
/Users/a44/Documents/dojo/dojo/Emirates Illustrations/boarding pass asset /EK729-Dubai-Entebbe-Empty-3-UltraWide-GeminiGenerated.png	/Users/a44/Documents/dojo/dojo/Emirates Illustrations/boarding pass asset /Entebbe/UltraWide/EK729-Dubai-Entebbe-Empty-3-UltraWide-GeminiGenerated.png
/Users/a44/Documents/dojo/dojo/Emirates Illustrations/boarding pass asset /EK73-Dubai-Paris-Empty-1-GeminiGenerated.png	/Users/a44/Documents/dojo/dojo/Emirates Illustrations/boarding pass asset /Paris/Standard/EK73-Dubai-Paris-Empty-1-GeminiGenerated.png
/Users/a44/Documents/dojo/dojo/Emirates Illustrations/boarding pass asset /EK73-Dubai-Paris-Empty-1-UltraWide-GeminiGenerated.png	/Users/a44/Documents/dojo/dojo/Emirates Illustrations/boarding pass asset /Paris/UltraWide/EK73-Dubai-Paris-Empty-1-UltraWide-GeminiGenerated.png
/Users/a44/Documents/dojo/dojo/Emirates Illustrations/boarding pass asset /EK73-Dubai-Paris-Empty-2-GeminiGenerated.png	/Users/a44/Documents/dojo/dojo/Emirates Illustrations/boarding pass asset /Paris/Standard/EK73-Dubai-Paris-Empty-2-GeminiGenerated.png
/Users/a44/Documents/dojo/dojo/Emirates Illustrations/boarding pass asset /EK73-Dubai-Paris-Empty-2-UltraWide-GeminiGenerated.png	/Users/a44/Documents/dojo/dojo/Emirates Illustrations/boarding pass asset /Paris/UltraWide/EK73-Dubai-Paris-Empty-2-UltraWide-GeminiGenerated.png
/Users/a44/Documents/dojo/dojo/Emirates Illustrations/boarding pass asset /EK73-Dubai-Paris-Empty-3-GeminiGenerated.png	/Users/a44/Documents/dojo/dojo/Emirates Illustrations/boarding pass asset /Paris/Standard/EK73-Dubai-Paris-Empty-3-GeminiGenerated.png
/Users/a44/Documents/dojo/dojo/Emirates Illustrations/boarding pass asset /EK73-Dubai-Paris-Empty-3-UltraWide-GeminiGenerated.png	/Users/a44/Documents/dojo/dojo/Emirates Illustrations/boarding pass asset /Paris/UltraWide/EK73-Dubai-Paris-Empty-3-UltraWide-GeminiGenerated.png
/Users/a44/Documents/dojo/dojo/Emirates Illustrations/boarding pass asset /EK747-Dubai-Tunis-Empty-1-GeminiGenerated.png	/Users/a44/Documents/dojo/dojo/Emirates Illustrations/boarding pass asset /Tunis/Standard/EK747-Dubai-Tunis-Empty-1-GeminiGenerated.png
/Users/a44/Documents/dojo/dojo/Emirates Illustrations/boarding pass asset /EK747-Dubai-Tunis-Empty-1-UltraWide-GeminiGenerated.png	/Users/a44/Documents/dojo/dojo/Emirates Illustrations/boarding pass asset /Tunis/UltraWide/EK747-Dubai-Tunis-Empty-1-UltraWide-GeminiGenerated.png
/Users/a44/Documents/dojo/dojo/Emirates Illustrations/boarding pass asset /EK747-Dubai-Tunis-Empty-2-GeminiGenerated.png	/Users/a44/Documents/dojo/dojo/Emirates Illustrations/boarding pass asset /Tunis/Standard/EK747-Dubai-Tunis-Empty-2-GeminiGenerated.png
/Users/a44/Documents/dojo/dojo/Emirates Illustrations/boarding pass asset /EK747-Dubai-Tunis-Empty-2-UltraWide-GeminiGenerated.png	/Users/a44/Documents/dojo/dojo/Emirates Illustrations/boarding pass asset /Tunis/UltraWide/EK747-Dubai-Tunis-Empty-2-UltraWide-GeminiGenerated.png
/Users/a44/Documents/dojo/dojo/Emirates Illustrations/boarding pass asset /EK747-Dubai-Tunis-Empty-3-GeminiGenerated.png	/Users/a44/Documents/dojo/dojo/Emirates Illustrations/boarding pass asset /Tunis/Standard/EK747-Dubai-Tunis-Empty-3-GeminiGenerated.png
/Users/a44/Documents/dojo/dojo/Emirates Illustrations/boarding pass asset /EK747-Dubai-Tunis-Empty-3-UltraWide-GeminiGenerated.png	/Users/a44/Documents/dojo/dojo/Emirates Illustrations/boarding pass asset /Tunis/UltraWide/EK747-Dubai-Tunis-Empty-3-UltraWide-GeminiGenerated.png
/Users/a44/Documents/dojo/dojo/Emirates Illustrations/boarding pass asset /EK751-Dubai-Casablanca-Empty-1-GeminiGenerated.png	/Users/a44/Documents/dojo/dojo/Emirates Illustrations/boarding pass asset /Casablanca/Standard/EK751-Dubai-Casablanca-Empty-1-GeminiGenerated.png
/Users/a44/Documents/dojo/dojo/Emirates Illustrations/boarding pass asset /EK751-Dubai-Casablanca-Empty-1-UltraWide-GeminiGenerated.png	/Users/a44/Documents/dojo/dojo/Emirates Illustrations/boarding pass asset /Casablanca/UltraWide/EK751-Dubai-Casablanca-Empty-1-UltraWide-GeminiGenerated.png
/Users/a44/Documents/dojo/dojo/Emirates Illustrations/boarding pass asset /EK751-Dubai-Casablanca-Empty-2-GeminiGenerated.png	/Users/a44/Documents/dojo/dojo/Emirates Illustrations/boarding pass asset /Casablanca/Standard/EK751-Dubai-Casablanca-Empty-2-GeminiGenerated.png
/Users/a44/Documents/dojo/dojo/Emirates Illustrations/boarding pass asset /EK751-Dubai-Casablanca-Empty-2-UltraWide-GeminiGenerated.png	/Users/a44/Documents/dojo/dojo/Emirates Illustrations/boarding pass asset /Casablanca/UltraWide/EK751-Dubai-Casablanca-Empty-2-UltraWide-GeminiGenerated.png
/Users/a44/Documents/dojo/dojo/Emirates Illustrations/boarding pass asset /EK751-Dubai-Casablanca-Empty-3-GeminiGenerated.png	/Users/a44/Documents/dojo/dojo/Emirates Illustrations/boarding pass asset /Casablanca/Standard/EK751-Dubai-Casablanca-Empty-3-GeminiGenerated.png
/Users/a44/Documents/dojo/dojo/Emirates Illustrations/boarding pass asset /EK751-Dubai-Casablanca-Empty-3-UltraWide-GeminiGenerated.png	/Users/a44/Documents/dojo/dojo/Emirates Illustrations/boarding pass asset /Casablanca/UltraWide/EK751-Dubai-Casablanca-Empty-3-UltraWide-GeminiGenerated.png
/Users/a44/Documents/dojo/dojo/Emirates Illustrations/boarding pass asset /EK763-Dubai-Johannesburg-Empty-1-GeminiGenerated.png	/Users/a44/Documents/dojo/dojo/Emirates Illustrations/boarding pass asset /Johannesburg/Standard/EK763-Dubai-Johannesburg-Empty-1-GeminiGenerated.png
/Users/a44/Documents/dojo/dojo/Emirates Illustrations/boarding pass asset /EK763-Dubai-Johannesburg-Empty-1-UltraWide-GeminiGenerated.png	/Users/a44/Documents/dojo/dojo/Emirates Illustrations/boarding pass asset /Johannesburg/UltraWide/EK763-Dubai-Johannesburg-Empty-1-UltraWide-GeminiGenerated.png
/Users/a44/Documents/dojo/dojo/Emirates Illustrations/boarding pass asset /EK763-Dubai-Johannesburg-Empty-2-GeminiGenerated.png	/Users/a44/Documents/dojo/dojo/Emirates Illustrations/boarding pass asset /Johannesburg/Standard/EK763-Dubai-Johannesburg-Empty-2-GeminiGenerated.png
/Users/a44/Documents/dojo/dojo/Emirates Illustrations/boarding pass asset /EK763-Dubai-Johannesburg-Empty-2-UltraWide-GeminiGenerated.png	/Users/a44/Documents/dojo/dojo/Emirates Illustrations/boarding pass asset /Johannesburg/UltraWide/EK763-Dubai-Johannesburg-Empty-2-UltraWide-GeminiGenerated.png
/Users/a44/Documents/dojo/dojo/Emirates Illustrations/boarding pass asset /EK763-Dubai-Johannesburg-Empty-3-GeminiGenerated.png	/Users/a44/Documents/dojo/dojo/Emirates Illustrations/boarding pass asset /Johannesburg/Standard/EK763-Dubai-Johannesburg-Empty-3-GeminiGenerated.png
/Users/a44/Documents/dojo/dojo/Emirates Illustrations/boarding pass asset /EK763-Dubai-Johannesburg-Empty-3-UltraWide-GeminiGenerated.png	/Users/a44/Documents/dojo/dojo/Emirates Illustrations/boarding pass asset /Johannesburg/UltraWide/EK763-Dubai-Johannesburg-Empty-3-UltraWide-GeminiGenerated.png
/Users/a44/Documents/dojo/dojo/Emirates Illustrations/boarding pass asset /EK77-Dubai-Nice-Empty-1-GeminiGenerated.png	/Users/a44/Documents/dojo/dojo/Emirates Illustrations/boarding pass asset /Nice/Standard/EK77-Dubai-Nice-Empty-1-GeminiGenerated.png
/Users/a44/Documents/dojo/dojo/Emirates Illustrations/boarding pass asset /EK77-Dubai-Nice-Empty-1-UltraWide-GeminiGenerated.png	/Users/a44/Documents/dojo/dojo/Emirates Illustrations/boarding pass asset /Nice/UltraWide/EK77-Dubai-Nice-Empty-1-UltraWide-GeminiGenerated.png
/Users/a44/Documents/dojo/dojo/Emirates Illustrations/boarding pass asset /EK77-Dubai-Nice-Empty-2-GeminiGenerated.png	/Users/a44/Documents/dojo/dojo/Emirates Illustrations/boarding pass asset /Nice/Standard/EK77-Dubai-Nice-Empty-2-GeminiGenerated.png
/Users/a44/Documents/dojo/dojo/Emirates Illustrations/boarding pass asset /EK77-Dubai-Nice-Empty-2-UltraWide-GeminiGenerated.png	/Users/a44/Documents/dojo/dojo/Emirates Illustrations/boarding pass asset /Nice/UltraWide/EK77-Dubai-Nice-Empty-2-UltraWide-GeminiGenerated.png
/Users/a44/Documents/dojo/dojo/Emirates Illustrations/boarding pass asset /EK77-Dubai-Nice-Empty-3-GeminiGenerated.png	/Users/a44/Documents/dojo/dojo/Emirates Illustrations/boarding pass asset /Nice/Standard/EK77-Dubai-Nice-Empty-3-GeminiGenerated.png
/Users/a44/Documents/dojo/dojo/Emirates Illustrations/boarding pass asset /EK77-Dubai-Nice-Empty-3-UltraWide-GeminiGenerated.png	/Users/a44/Documents/dojo/dojo/Emirates Illustrations/boarding pass asset /Nice/UltraWide/EK77-Dubai-Nice-Empty-3-UltraWide-GeminiGenerated.png
/Users/a44/Documents/dojo/dojo/Emirates Illustrations/boarding pass asset /EK770-Dubai-CapeTown-Empty-1-GeminiGenerated.png	/Users/a44/Documents/dojo/dojo/Emirates Illustrations/boarding pass asset /CapeTown/Standard/EK770-Dubai-CapeTown-Empty-1-GeminiGenerated.png
/Users/a44/Documents/dojo/dojo/Emirates Illustrations/boarding pass asset /EK770-Dubai-CapeTown-Empty-1-UltraWide-GeminiGenerated.png	/Users/a44/Documents/dojo/dojo/Emirates Illustrations/boarding pass asset /CapeTown/UltraWide/EK770-Dubai-CapeTown-Empty-1-UltraWide-GeminiGenerated.png
/Users/a44/Documents/dojo/dojo/Emirates Illustrations/boarding pass asset /EK770-Dubai-CapeTown-Empty-2-GeminiGenerated.png	/Users/a44/Documents/dojo/dojo/Emirates Illustrations/boarding pass asset /CapeTown/Standard/EK770-Dubai-CapeTown-Empty-2-GeminiGenerated.png
/Users/a44/Documents/dojo/dojo/Emirates Illustrations/boarding pass asset /EK770-Dubai-CapeTown-Empty-2-UltraWide-GeminiGenerated.png	/Users/a44/Documents/dojo/dojo/Emirates Illustrations/boarding pass asset /CapeTown/UltraWide/EK770-Dubai-CapeTown-Empty-2-UltraWide-GeminiGenerated.png
/Users/a44/Documents/dojo/dojo/Emirates Illustrations/boarding pass asset /EK770-Dubai-CapeTown-Empty-3-GeminiGenerated.png	/Users/a44/Documents/dojo/dojo/Emirates Illustrations/boarding pass asset /CapeTown/Standard/EK770-Dubai-CapeTown-Empty-3-GeminiGenerated.png
/Users/a44/Documents/dojo/dojo/Emirates Illustrations/boarding pass asset /EK770-Dubai-CapeTown-Empty-3-UltraWide-GeminiGenerated.png	/Users/a44/Documents/dojo/dojo/Emirates Illustrations/boarding pass asset /CapeTown/UltraWide/EK770-Dubai-CapeTown-Empty-3-UltraWide-GeminiGenerated.png
/Users/a44/Documents/dojo/dojo/Emirates Illustrations/boarding pass asset /EK775-Dubai-Durban-Empty-1-GeminiGenerated.png	/Users/a44/Documents/dojo/dojo/Emirates Illustrations/boarding pass asset /Durban/Standard/EK775-Dubai-Durban-Empty-1-GeminiGenerated.png
/Users/a44/Documents/dojo/dojo/Emirates Illustrations/boarding pass asset /EK775-Dubai-Durban-Empty-1-UltraWide-GeminiGenerated.png	/Users/a44/Documents/dojo/dojo/Emirates Illustrations/boarding pass asset /Durban/UltraWide/EK775-Dubai-Durban-Empty-1-UltraWide-GeminiGenerated.png
/Users/a44/Documents/dojo/dojo/Emirates Illustrations/boarding pass asset /EK775-Dubai-Durban-Empty-2-GeminiGenerated.png	/Users/a44/Documents/dojo/dojo/Emirates Illustrations/boarding pass asset /Durban/Standard/EK775-Dubai-Durban-Empty-2-GeminiGenerated.png
/Users/a44/Documents/dojo/dojo/Emirates Illustrations/boarding pass asset /EK775-Dubai-Durban-Empty-2-UltraWide-GeminiGenerated.png	/Users/a44/Documents/dojo/dojo/Emirates Illustrations/boarding pass asset /Durban/UltraWide/EK775-Dubai-Durban-Empty-2-UltraWide-GeminiGenerated.png
/Users/a44/Documents/dojo/dojo/Emirates Illustrations/boarding pass asset /EK775-Dubai-Durban-Empty-3-GeminiGenerated.png	/Users/a44/Documents/dojo/dojo/Emirates Illustrations/boarding pass asset /Durban/Standard/EK775-Dubai-Durban-Empty-3-GeminiGenerated.png
/Users/a44/Documents/dojo/dojo/Emirates Illustrations/boarding pass asset /EK775-Dubai-Durban-Empty-3-UltraWide-GeminiGenerated.png	/Users/a44/Documents/dojo/dojo/Emirates Illustrations/boarding pass asset /Durban/UltraWide/EK775-Dubai-Durban-Empty-3-UltraWide-GeminiGenerated.png
/Users/a44/Documents/dojo/dojo/Emirates Illustrations/boarding pass asset /EK783-Dubai-Lagos-Empty-1-GeminiGenerated.png	/Users/a44/Documents/dojo/dojo/Emirates Illustrations/boarding pass asset /Lagos/Standard/EK783-Dubai-Lagos-Empty-1-GeminiGenerated.png
/Users/a44/Documents/dojo/dojo/Emirates Illustrations/boarding pass asset /EK783-Dubai-Lagos-Empty-1-UltraWide-GeminiGenerated.png	/Users/a44/Documents/dojo/dojo/Emirates Illustrations/boarding pass asset /Lagos/UltraWide/EK783-Dubai-Lagos-Empty-1-UltraWide-GeminiGenerated.png
/Users/a44/Documents/dojo/dojo/Emirates Illustrations/boarding pass asset /EK783-Dubai-Lagos-Empty-2-GeminiGenerated.png	/Users/a44/Documents/dojo/dojo/Emirates Illustrations/boarding pass asset /Lagos/Standard/EK783-Dubai-Lagos-Empty-2-GeminiGenerated.png
/Users/a44/Documents/dojo/dojo/Emirates Illustrations/boarding pass asset /EK783-Dubai-Lagos-Empty-2-UltraWide-GeminiGenerated.png	/Users/a44/Documents/dojo/dojo/Emirates Illustrations/boarding pass asset /Lagos/UltraWide/EK783-Dubai-Lagos-Empty-2-UltraWide-GeminiGenerated.png
/Users/a44/Documents/dojo/dojo/Emirates Illustrations/boarding pass asset /EK783-Dubai-Lagos-Empty-3-GeminiGenerated.png	/Users/a44/Documents/dojo/dojo/Emirates Illustrations/boarding pass asset /Lagos/Standard/EK783-Dubai-Lagos-Empty-3-GeminiGenerated.png
/Users/a44/Documents/dojo/dojo/Emirates Illustrations/boarding pass asset /EK783-Dubai-Lagos-Empty-3-UltraWide-GeminiGenerated.png	/Users/a44/Documents/dojo/dojo/Emirates Illustrations/boarding pass asset /Lagos/UltraWide/EK783-Dubai-Lagos-Empty-3-UltraWide-GeminiGenerated.png
/Users/a44/Documents/dojo/dojo/Emirates Illustrations/boarding pass asset /EK787-Dubai-Accra-Empty-1-GeminiGenerated.png	/Users/a44/Documents/dojo/dojo/Emirates Illustrations/boarding pass asset /Accra/Standard/EK787-Dubai-Accra-Empty-1-GeminiGenerated.png
/Users/a44/Documents/dojo/dojo/Emirates Illustrations/boarding pass asset /EK787-Dubai-Accra-Empty-1-UltraWide-GeminiGenerated.png	/Users/a44/Documents/dojo/dojo/Emirates Illustrations/boarding pass asset /Accra/UltraWide/EK787-Dubai-Accra-Empty-1-UltraWide-GeminiGenerated.png
/Users/a44/Documents/dojo/dojo/Emirates Illustrations/boarding pass asset /EK787-Dubai-Accra-Empty-2-GeminiGenerated.png	/Users/a44/Documents/dojo/dojo/Emirates Illustrations/boarding pass asset /Accra/Standard/EK787-Dubai-Accra-Empty-2-GeminiGenerated.png
/Users/a44/Documents/dojo/dojo/Emirates Illustrations/boarding pass asset /EK787-Dubai-Accra-Empty-2-UltraWide-GeminiGenerated.png	/Users/a44/Documents/dojo/dojo/Emirates Illustrations/boarding pass asset /Accra/UltraWide/EK787-Dubai-Accra-Empty-2-UltraWide-GeminiGenerated.png
/Users/a44/Documents/dojo/dojo/Emirates Illustrations/boarding pass asset /EK787-Dubai-Accra-Empty-3-GeminiGenerated.png	/Users/a44/Documents/dojo/dojo/Emirates Illustrations/boarding pass asset /Accra/Standard/EK787-Dubai-Accra-Empty-3-GeminiGenerated.png
/Users/a44/Documents/dojo/dojo/Emirates Illustrations/boarding pass asset /EK787-Dubai-Accra-Empty-3-UltraWide-GeminiGenerated.png	/Users/a44/Documents/dojo/dojo/Emirates Illustrations/boarding pass asset /Accra/UltraWide/EK787-Dubai-Accra-Empty-3-UltraWide-GeminiGenerated.png
/Users/a44/Documents/dojo/dojo/Emirates Illustrations/boarding pass asset /EK793-Dubai-Luanda-Empty-1-GeminiGenerated.png	/Users/a44/Documents/dojo/dojo/Emirates Illustrations/boarding pass asset /Luanda/Standard/EK793-Dubai-Luanda-Empty-1-GeminiGenerated.png
/Users/a44/Documents/dojo/dojo/Emirates Illustrations/boarding pass asset /EK793-Dubai-Luanda-Empty-1-UltraWide-GeminiGenerated.png	/Users/a44/Documents/dojo/dojo/Emirates Illustrations/boarding pass asset /Luanda/UltraWide/EK793-Dubai-Luanda-Empty-1-UltraWide-GeminiGenerated.png
/Users/a44/Documents/dojo/dojo/Emirates Illustrations/boarding pass asset /EK793-Dubai-Luanda-Empty-2-GeminiGenerated.png	/Users/a44/Documents/dojo/dojo/Emirates Illustrations/boarding pass asset /Luanda/Standard/EK793-Dubai-Luanda-Empty-2-GeminiGenerated.png
/Users/a44/Documents/dojo/dojo/Emirates Illustrations/boarding pass asset /EK793-Dubai-Luanda-Empty-2-UltraWide-GeminiGenerated.png	/Users/a44/Documents/dojo/dojo/Emirates Illustrations/boarding pass asset /Luanda/UltraWide/EK793-Dubai-Luanda-Empty-2-UltraWide-GeminiGenerated.png
/Users/a44/Documents/dojo/dojo/Emirates Illustrations/boarding pass asset /EK793-Dubai-Luanda-Empty-3-GeminiGenerated.png	/Users/a44/Documents/dojo/dojo/Emirates Illustrations/boarding pass asset /Luanda/Standard/EK793-Dubai-Luanda-Empty-3-GeminiGenerated.png
/Users/a44/Documents/dojo/dojo/Emirates Illustrations/boarding pass asset /EK793-Dubai-Luanda-Empty-3-UltraWide-GeminiGenerated.png	/Users/a44/Documents/dojo/dojo/Emirates Illustrations/boarding pass asset /Luanda/UltraWide/EK793-Dubai-Luanda-Empty-3-UltraWide-GeminiGenerated.png
/Users/a44/Documents/dojo/dojo/Emirates Illustrations/boarding pass asset /EK795-Dubai-Conakry-Empty-1-GeminiGenerated.png	/Users/a44/Documents/dojo/dojo/Emirates Illustrations/boarding pass asset /Conakry/Standard/EK795-Dubai-Conakry-Empty-1-GeminiGenerated.png
/Users/a44/Documents/dojo/dojo/Emirates Illustrations/boarding pass asset /EK795-Dubai-Conakry-Empty-1-UltraWide-GeminiGenerated.png	/Users/a44/Documents/dojo/dojo/Emirates Illustrations/boarding pass asset /Conakry/UltraWide/EK795-Dubai-Conakry-Empty-1-UltraWide-GeminiGenerated.png
/Users/a44/Documents/dojo/dojo/Emirates Illustrations/boarding pass asset /EK795-Dubai-Conakry-Empty-2-GeminiGenerated.png	/Users/a44/Documents/dojo/dojo/Emirates Illustrations/boarding pass asset /Conakry/Standard/EK795-Dubai-Conakry-Empty-2-GeminiGenerated.png
/Users/a44/Documents/dojo/dojo/Emirates Illustrations/boarding pass asset /EK795-Dubai-Conakry-Empty-2-UltraWide-GeminiGenerated.png	/Users/a44/Documents/dojo/dojo/Emirates Illustrations/boarding pass asset /Conakry/UltraWide/EK795-Dubai-Conakry-Empty-2-UltraWide-GeminiGenerated.png
/Users/a44/Documents/dojo/dojo/Emirates Illustrations/boarding pass asset /EK795-Dubai-Conakry-Empty-3-GeminiGenerated.png	/Users/a44/Documents/dojo/dojo/Emirates Illustrations/boarding pass asset /Conakry/Standard/EK795-Dubai-Conakry-Empty-3-GeminiGenerated.png
/Users/a44/Documents/dojo/dojo/Emirates Illustrations/boarding pass asset /EK795-Dubai-Conakry-Empty-3-UltraWide-GeminiGenerated.png	/Users/a44/Documents/dojo/dojo/Emirates Illustrations/boarding pass asset /Conakry/UltraWide/EK795-Dubai-Conakry-Empty-3-UltraWide-GeminiGenerated.png
/Users/a44/Documents/dojo/dojo/Emirates Illustrations/boarding pass asset /EK803-Dubai-Jeddah-Empty-1-GeminiGenerated.png	/Users/a44/Documents/dojo/dojo/Emirates Illustrations/boarding pass asset /Jeddah/Standard/EK803-Dubai-Jeddah-Empty-1-GeminiGenerated.png
/Users/a44/Documents/dojo/dojo/Emirates Illustrations/boarding pass asset /EK803-Dubai-Jeddah-Empty-1-UltraWide-GeminiGenerated.png	/Users/a44/Documents/dojo/dojo/Emirates Illustrations/boarding pass asset /Jeddah/UltraWide/EK803-Dubai-Jeddah-Empty-1-UltraWide-GeminiGenerated.png
/Users/a44/Documents/dojo/dojo/Emirates Illustrations/boarding pass asset /EK803-Dubai-Jeddah-Empty-2-GeminiGenerated.png	/Users/a44/Documents/dojo/dojo/Emirates Illustrations/boarding pass asset /Jeddah/Standard/EK803-Dubai-Jeddah-Empty-2-GeminiGenerated.png
/Users/a44/Documents/dojo/dojo/Emirates Illustrations/boarding pass asset /EK803-Dubai-Jeddah-Empty-2-UltraWide-GeminiGenerated.png	/Users/a44/Documents/dojo/dojo/Emirates Illustrations/boarding pass asset /Jeddah/UltraWide/EK803-Dubai-Jeddah-Empty-2-UltraWide-GeminiGenerated.png
/Users/a44/Documents/dojo/dojo/Emirates Illustrations/boarding pass asset /EK803-Dubai-Jeddah-Empty-3-GeminiGenerated.png	/Users/a44/Documents/dojo/dojo/Emirates Illustrations/boarding pass asset /Jeddah/Standard/EK803-Dubai-Jeddah-Empty-3-GeminiGenerated.png
/Users/a44/Documents/dojo/dojo/Emirates Illustrations/boarding pass asset /EK803-Dubai-Jeddah-Empty-3-UltraWide-GeminiGenerated.png	/Users/a44/Documents/dojo/dojo/Emirates Illustrations/boarding pass asset /Jeddah/UltraWide/EK803-Dubai-Jeddah-Empty-3-UltraWide-GeminiGenerated.png
/Users/a44/Documents/dojo/dojo/Emirates Illustrations/boarding pass asset /EK809-Dubai-Medina-Empty-1-GeminiGenerated.png	/Users/a44/Documents/dojo/dojo/Emirates Illustrations/boarding pass asset /Medina/Standard/EK809-Dubai-Medina-Empty-1-GeminiGenerated.png
/Users/a44/Documents/dojo/dojo/Emirates Illustrations/boarding pass asset /EK809-Dubai-Medina-Empty-1-UltraWide-GeminiGenerated.png	/Users/a44/Documents/dojo/dojo/Emirates Illustrations/boarding pass asset /Medina/UltraWide/EK809-Dubai-Medina-Empty-1-UltraWide-GeminiGenerated.png
/Users/a44/Documents/dojo/dojo/Emirates Illustrations/boarding pass asset /EK809-Dubai-Medina-Empty-2-GeminiGenerated.png	/Users/a44/Documents/dojo/dojo/Emirates Illustrations/boarding pass asset /Medina/Standard/EK809-Dubai-Medina-Empty-2-GeminiGenerated.png
/Users/a44/Documents/dojo/dojo/Emirates Illustrations/boarding pass asset /EK809-Dubai-Medina-Empty-2-UltraWide-GeminiGenerated.png	/Users/a44/Documents/dojo/dojo/Emirates Illustrations/boarding pass asset /Medina/UltraWide/EK809-Dubai-Medina-Empty-2-UltraWide-GeminiGenerated.png
/Users/a44/Documents/dojo/dojo/Emirates Illustrations/boarding pass asset /EK809-Dubai-Medina-Empty-3-GeminiGenerated.png	/Users/a44/Documents/dojo/dojo/Emirates Illustrations/boarding pass asset /Medina/Standard/EK809-Dubai-Medina-Empty-3-GeminiGenerated.png
/Users/a44/Documents/dojo/dojo/Emirates Illustrations/boarding pass asset /EK809-Dubai-Medina-Empty-3-UltraWide-GeminiGenerated.png	/Users/a44/Documents/dojo/dojo/Emirates Illustrations/boarding pass asset /Medina/UltraWide/EK809-Dubai-Medina-Empty-3-UltraWide-GeminiGenerated.png
/Users/a44/Documents/dojo/dojo/Emirates Illustrations/boarding pass asset /EK81-Dubai-Lyon-Empty-1-GeminiGenerated.png	/Users/a44/Documents/dojo/dojo/Emirates Illustrations/boarding pass asset /Lyon/Standard/EK81-Dubai-Lyon-Empty-1-GeminiGenerated.png
/Users/a44/Documents/dojo/dojo/Emirates Illustrations/boarding pass asset /EK81-Dubai-Lyon-Empty-1-UltraWide-GeminiGenerated.png	/Users/a44/Documents/dojo/dojo/Emirates Illustrations/boarding pass asset /Lyon/UltraWide/EK81-Dubai-Lyon-Empty-1-UltraWide-GeminiGenerated.png
/Users/a44/Documents/dojo/dojo/Emirates Illustrations/boarding pass asset /EK81-Dubai-Lyon-Empty-2-GeminiGenerated.png	/Users/a44/Documents/dojo/dojo/Emirates Illustrations/boarding pass asset /Lyon/Standard/EK81-Dubai-Lyon-Empty-2-GeminiGenerated.png
/Users/a44/Documents/dojo/dojo/Emirates Illustrations/boarding pass asset /EK81-Dubai-Lyon-Empty-2-UltraWide-GeminiGenerated.png	/Users/a44/Documents/dojo/dojo/Emirates Illustrations/boarding pass asset /Lyon/UltraWide/EK81-Dubai-Lyon-Empty-2-UltraWide-GeminiGenerated.png
/Users/a44/Documents/dojo/dojo/Emirates Illustrations/boarding pass asset /EK81-Dubai-Lyon-Empty-3-GeminiGenerated.png	/Users/a44/Documents/dojo/dojo/Emirates Illustrations/boarding pass asset /Lyon/Standard/EK81-Dubai-Lyon-Empty-3-GeminiGenerated.png
/Users/a44/Documents/dojo/dojo/Emirates Illustrations/boarding pass asset /EK81-Dubai-Lyon-Empty-3-UltraWide-GeminiGenerated.png	/Users/a44/Documents/dojo/dojo/Emirates Illustrations/boarding pass asset /Lyon/UltraWide/EK81-Dubai-Lyon-Empty-3-UltraWide-GeminiGenerated.png
/Users/a44/Documents/dojo/dojo/Emirates Illustrations/boarding pass asset /EK817-Dubai-Riyadh-Empty-1-GeminiGenerated.png	/Users/a44/Documents/dojo/dojo/Emirates Illustrations/boarding pass asset /Riyadh/Standard/EK817-Dubai-Riyadh-Empty-1-GeminiGenerated.png
/Users/a44/Documents/dojo/dojo/Emirates Illustrations/boarding pass asset /EK817-Dubai-Riyadh-Empty-1-UltraWide-GeminiGenerated.png	/Users/a44/Documents/dojo/dojo/Emirates Illustrations/boarding pass asset /Riyadh/UltraWide/EK817-Dubai-Riyadh-Empty-1-UltraWide-GeminiGenerated.png
/Users/a44/Documents/dojo/dojo/Emirates Illustrations/boarding pass asset /EK817-Dubai-Riyadh-Empty-2-GeminiGenerated.png	/Users/a44/Documents/dojo/dojo/Emirates Illustrations/boarding pass asset /Riyadh/Standard/EK817-Dubai-Riyadh-Empty-2-GeminiGenerated.png
/Users/a44/Documents/dojo/dojo/Emirates Illustrations/boarding pass asset /EK817-Dubai-Riyadh-Empty-2-UltraWide-GeminiGenerated.png	/Users/a44/Documents/dojo/dojo/Emirates Illustrations/boarding pass asset /Riyadh/UltraWide/EK817-Dubai-Riyadh-Empty-2-UltraWide-GeminiGenerated.png
/Users/a44/Documents/dojo/dojo/Emirates Illustrations/boarding pass asset /EK817-Dubai-Riyadh-Empty-3-GeminiGenerated.png	/Users/a44/Documents/dojo/dojo/Emirates Illustrations/boarding pass asset /Riyadh/Standard/EK817-Dubai-Riyadh-Empty-3-GeminiGenerated.png
/Users/a44/Documents/dojo/dojo/Emirates Illustrations/boarding pass asset /EK817-Dubai-Riyadh-Empty-3-UltraWide-GeminiGenerated.png	/Users/a44/Documents/dojo/dojo/Emirates Illustrations/boarding pass asset /Riyadh/UltraWide/EK817-Dubai-Riyadh-Empty-3-UltraWide-GeminiGenerated.png
/Users/a44/Documents/dojo/dojo/Emirates Illustrations/boarding pass asset /EK827-Dubai-Dammam-Empty-1-GeminiGenerated.png	/Users/a44/Documents/dojo/dojo/Emirates Illustrations/boarding pass asset /Dammam/Standard/EK827-Dubai-Dammam-Empty-1-GeminiGenerated.png
/Users/a44/Documents/dojo/dojo/Emirates Illustrations/boarding pass asset /EK827-Dubai-Dammam-Empty-1-UltraWide-GeminiGenerated.png	/Users/a44/Documents/dojo/dojo/Emirates Illustrations/boarding pass asset /Dammam/UltraWide/EK827-Dubai-Dammam-Empty-1-UltraWide-GeminiGenerated.png
/Users/a44/Documents/dojo/dojo/Emirates Illustrations/boarding pass asset /EK827-Dubai-Dammam-Empty-2-GeminiGenerated.png	/Users/a44/Documents/dojo/dojo/Emirates Illustrations/boarding pass asset /Dammam/Standard/EK827-Dubai-Dammam-Empty-2-GeminiGenerated.png
/Users/a44/Documents/dojo/dojo/Emirates Illustrations/boarding pass asset /EK827-Dubai-Dammam-Empty-2-UltraWide-GeminiGenerated.png	/Users/a44/Documents/dojo/dojo/Emirates Illustrations/boarding pass asset /Dammam/UltraWide/EK827-Dubai-Dammam-Empty-2-UltraWide-GeminiGenerated.png
/Users/a44/Documents/dojo/dojo/Emirates Illustrations/boarding pass asset /EK827-Dubai-Dammam-Empty-3-GeminiGenerated.png	/Users/a44/Documents/dojo/dojo/Emirates Illustrations/boarding pass asset /Dammam/Standard/EK827-Dubai-Dammam-Empty-3-GeminiGenerated.png
/Users/a44/Documents/dojo/dojo/Emirates Illustrations/boarding pass asset /EK827-Dubai-Dammam-Empty-3-UltraWide-GeminiGenerated.png	/Users/a44/Documents/dojo/dojo/Emirates Illustrations/boarding pass asset /Dammam/UltraWide/EK827-Dubai-Dammam-Empty-3-UltraWide-GeminiGenerated.png
/Users/a44/Documents/dojo/dojo/Emirates Illustrations/boarding pass asset /EK837-Dubai-Bahrain-Empty-1-GeminiGenerated.png	/Users/a44/Documents/dojo/dojo/Emirates Illustrations/boarding pass asset /Bahrain/Standard/EK837-Dubai-Bahrain-Empty-1-GeminiGenerated.png
/Users/a44/Documents/dojo/dojo/Emirates Illustrations/boarding pass asset /EK837-Dubai-Bahrain-Empty-1-UltraWide-GeminiGenerated.png	/Users/a44/Documents/dojo/dojo/Emirates Illustrations/boarding pass asset /Bahrain/UltraWide/EK837-Dubai-Bahrain-Empty-1-UltraWide-GeminiGenerated.png
/Users/a44/Documents/dojo/dojo/Emirates Illustrations/boarding pass asset /EK837-Dubai-Bahrain-Empty-2-GeminiGenerated.png	/Users/a44/Documents/dojo/dojo/Emirates Illustrations/boarding pass asset /Bahrain/Standard/EK837-Dubai-Bahrain-Empty-2-GeminiGenerated.png
/Users/a44/Documents/dojo/dojo/Emirates Illustrations/boarding pass asset /EK837-Dubai-Bahrain-Empty-2-UltraWide-GeminiGenerated.png	/Users/a44/Documents/dojo/dojo/Emirates Illustrations/boarding pass asset /Bahrain/UltraWide/EK837-Dubai-Bahrain-Empty-2-UltraWide-GeminiGenerated.png
/Users/a44/Documents/dojo/dojo/Emirates Illustrations/boarding pass asset /EK837-Dubai-Bahrain-Empty-3-GeminiGenerated.png	/Users/a44/Documents/dojo/dojo/Emirates Illustrations/boarding pass asset /Bahrain/Standard/EK837-Dubai-Bahrain-Empty-3-GeminiGenerated.png
/Users/a44/Documents/dojo/dojo/Emirates Illustrations/boarding pass asset /EK837-Dubai-Bahrain-Empty-3-UltraWide-GeminiGenerated.png	/Users/a44/Documents/dojo/dojo/Emirates Illustrations/boarding pass asset /Bahrain/UltraWide/EK837-Dubai-Bahrain-Empty-3-UltraWide-GeminiGenerated.png
/Users/a44/Documents/dojo/dojo/Emirates Illustrations/boarding pass asset /EK857-Dubai-KuwaitCity-Empty-1-GeminiGenerated.png	/Users/a44/Documents/dojo/dojo/Emirates Illustrations/boarding pass asset /KuwaitCity/Standard/EK857-Dubai-KuwaitCity-Empty-1-GeminiGenerated.png
/Users/a44/Documents/dojo/dojo/Emirates Illustrations/boarding pass asset /EK857-Dubai-KuwaitCity-Empty-1-UltraWide-GeminiGenerated.png	/Users/a44/Documents/dojo/dojo/Emirates Illustrations/boarding pass asset /KuwaitCity/UltraWide/EK857-Dubai-KuwaitCity-Empty-1-UltraWide-GeminiGenerated.png
/Users/a44/Documents/dojo/dojo/Emirates Illustrations/boarding pass asset /EK857-Dubai-KuwaitCity-Empty-2-GeminiGenerated.png	/Users/a44/Documents/dojo/dojo/Emirates Illustrations/boarding pass asset /KuwaitCity/Standard/EK857-Dubai-KuwaitCity-Empty-2-GeminiGenerated.png
/Users/a44/Documents/dojo/dojo/Emirates Illustrations/boarding pass asset /EK857-Dubai-KuwaitCity-Empty-2-UltraWide-GeminiGenerated.png	/Users/a44/Documents/dojo/dojo/Emirates Illustrations/boarding pass asset /KuwaitCity/UltraWide/EK857-Dubai-KuwaitCity-Empty-2-UltraWide-GeminiGenerated.png
/Users/a44/Documents/dojo/dojo/Emirates Illustrations/boarding pass asset /EK857-Dubai-KuwaitCity-Empty-3-GeminiGenerated.png	/Users/a44/Documents/dojo/dojo/Emirates Illustrations/boarding pass asset /KuwaitCity/Standard/EK857-Dubai-KuwaitCity-Empty-3-GeminiGenerated.png
/Users/a44/Documents/dojo/dojo/Emirates Illustrations/boarding pass asset /EK857-Dubai-KuwaitCity-Empty-3-UltraWide-GeminiGenerated.png	/Users/a44/Documents/dojo/dojo/Emirates Illustrations/boarding pass asset /KuwaitCity/UltraWide/EK857-Dubai-KuwaitCity-Empty-3-UltraWide-GeminiGenerated.png
/Users/a44/Documents/dojo/dojo/Emirates Illustrations/boarding pass asset /EK862-Dubai-Muscat-Empty-1-GeminiGenerated.png	/Users/a44/Documents/dojo/dojo/Emirates Illustrations/boarding pass asset /Muscat/Standard/EK862-Dubai-Muscat-Empty-1-GeminiGenerated.png
/Users/a44/Documents/dojo/dojo/Emirates Illustrations/boarding pass asset /EK862-Dubai-Muscat-Empty-1-UltraWide-GeminiGenerated.png	/Users/a44/Documents/dojo/dojo/Emirates Illustrations/boarding pass asset /Muscat/UltraWide/EK862-Dubai-Muscat-Empty-1-UltraWide-GeminiGenerated.png
/Users/a44/Documents/dojo/dojo/Emirates Illustrations/boarding pass asset /EK862-Dubai-Muscat-Empty-2-GeminiGenerated.png	/Users/a44/Documents/dojo/dojo/Emirates Illustrations/boarding pass asset /Muscat/Standard/EK862-Dubai-Muscat-Empty-2-GeminiGenerated.png
/Users/a44/Documents/dojo/dojo/Emirates Illustrations/boarding pass asset /EK862-Dubai-Muscat-Empty-2-UltraWide-GeminiGenerated.png	/Users/a44/Documents/dojo/dojo/Emirates Illustrations/boarding pass asset /Muscat/UltraWide/EK862-Dubai-Muscat-Empty-2-UltraWide-GeminiGenerated.png
/Users/a44/Documents/dojo/dojo/Emirates Illustrations/boarding pass asset /EK862-Dubai-Muscat-Empty-3-GeminiGenerated.png	/Users/a44/Documents/dojo/dojo/Emirates Illustrations/boarding pass asset /Muscat/Standard/EK862-Dubai-Muscat-Empty-3-GeminiGenerated.png
/Users/a44/Documents/dojo/dojo/Emirates Illustrations/boarding pass asset /EK862-Dubai-Muscat-Empty-3-UltraWide-GeminiGenerated.png	/Users/a44/Documents/dojo/dojo/Emirates Illustrations/boarding pass asset /Muscat/UltraWide/EK862-Dubai-Muscat-Empty-3-UltraWide-GeminiGenerated.png
/Users/a44/Documents/dojo/dojo/Emirates Illustrations/boarding pass asset /EK87-Dubai-Zurich-Empty-1-GeminiGenerated.png	/Users/a44/Documents/dojo/dojo/Emirates Illustrations/boarding pass asset /Zurich/Standard/EK87-Dubai-Zurich-Empty-1-GeminiGenerated.png
/Users/a44/Documents/dojo/dojo/Emirates Illustrations/boarding pass asset /EK87-Dubai-Zurich-Empty-1-UltraWide-GeminiGenerated.png	/Users/a44/Documents/dojo/dojo/Emirates Illustrations/boarding pass asset /Zurich/UltraWide/EK87-Dubai-Zurich-Empty-1-UltraWide-GeminiGenerated.png
/Users/a44/Documents/dojo/dojo/Emirates Illustrations/boarding pass asset /EK87-Dubai-Zurich-Empty-2-GeminiGenerated.png	/Users/a44/Documents/dojo/dojo/Emirates Illustrations/boarding pass asset /Zurich/Standard/EK87-Dubai-Zurich-Empty-2-GeminiGenerated.png
/Users/a44/Documents/dojo/dojo/Emirates Illustrations/boarding pass asset /EK87-Dubai-Zurich-Empty-2-UltraWide-GeminiGenerated.png	/Users/a44/Documents/dojo/dojo/Emirates Illustrations/boarding pass asset /Zurich/UltraWide/EK87-Dubai-Zurich-Empty-2-UltraWide-GeminiGenerated.png
/Users/a44/Documents/dojo/dojo/Emirates Illustrations/boarding pass asset /EK87-Dubai-Zurich-Empty-3-GeminiGenerated.png	/Users/a44/Documents/dojo/dojo/Emirates Illustrations/boarding pass asset /Zurich/Standard/EK87-Dubai-Zurich-Empty-3-GeminiGenerated.png
/Users/a44/Documents/dojo/dojo/Emirates Illustrations/boarding pass asset /EK87-Dubai-Zurich-Empty-3-UltraWide-GeminiGenerated.png	/Users/a44/Documents/dojo/dojo/Emirates Illustrations/boarding pass asset /Zurich/UltraWide/EK87-Dubai-Zurich-Empty-3-UltraWide-GeminiGenerated.png
/Users/a44/Documents/dojo/dojo/Emirates Illustrations/boarding pass asset /EK89-Dubai-Geneva-Empty-1-GeminiGenerated.png	/Users/a44/Documents/dojo/dojo/Emirates Illustrations/boarding pass asset /Geneva/Standard/EK89-Dubai-Geneva-Empty-1-GeminiGenerated.png
/Users/a44/Documents/dojo/dojo/Emirates Illustrations/boarding pass asset /EK89-Dubai-Geneva-Empty-1-UltraWide-GeminiGenerated.png	/Users/a44/Documents/dojo/dojo/Emirates Illustrations/boarding pass asset /Geneva/UltraWide/EK89-Dubai-Geneva-Empty-1-UltraWide-GeminiGenerated.png
/Users/a44/Documents/dojo/dojo/Emirates Illustrations/boarding pass asset /EK89-Dubai-Geneva-Empty-2-GeminiGenerated.png	/Users/a44/Documents/dojo/dojo/Emirates Illustrations/boarding pass asset /Geneva/Standard/EK89-Dubai-Geneva-Empty-2-GeminiGenerated.png
/Users/a44/Documents/dojo/dojo/Emirates Illustrations/boarding pass asset /EK89-Dubai-Geneva-Empty-2-UltraWide-GeminiGenerated.png	/Users/a44/Documents/dojo/dojo/Emirates Illustrations/boarding pass asset /Geneva/UltraWide/EK89-Dubai-Geneva-Empty-2-UltraWide-GeminiGenerated.png
/Users/a44/Documents/dojo/dojo/Emirates Illustrations/boarding pass asset /EK89-Dubai-Geneva-Empty-3-GeminiGenerated.png	/Users/a44/Documents/dojo/dojo/Emirates Illustrations/boarding pass asset /Geneva/Standard/EK89-Dubai-Geneva-Empty-3-GeminiGenerated.png
/Users/a44/Documents/dojo/dojo/Emirates Illustrations/boarding pass asset /EK89-Dubai-Geneva-Empty-3-UltraWide-GeminiGenerated.png	/Users/a44/Documents/dojo/dojo/Emirates Illustrations/boarding pass asset /Geneva/UltraWide/EK89-Dubai-Geneva-Empty-3-UltraWide-GeminiGenerated.png
/Users/a44/Documents/dojo/dojo/Emirates Illustrations/boarding pass asset /EK903-Dubai-Amman-Empty-1-GeminiGenerated.png	/Users/a44/Documents/dojo/dojo/Emirates Illustrations/boarding pass asset /Amman/Standard/EK903-Dubai-Amman-Empty-1-GeminiGenerated.png
/Users/a44/Documents/dojo/dojo/Emirates Illustrations/boarding pass asset /EK903-Dubai-Amman-Empty-1-UltraWide-GeminiGenerated.png	/Users/a44/Documents/dojo/dojo/Emirates Illustrations/boarding pass asset /Amman/UltraWide/EK903-Dubai-Amman-Empty-1-UltraWide-GeminiGenerated.png
/Users/a44/Documents/dojo/dojo/Emirates Illustrations/boarding pass asset /EK903-Dubai-Amman-Empty-2-GeminiGenerated.png	/Users/a44/Documents/dojo/dojo/Emirates Illustrations/boarding pass asset /Amman/Standard/EK903-Dubai-Amman-Empty-2-GeminiGenerated.png
/Users/a44/Documents/dojo/dojo/Emirates Illustrations/boarding pass asset /EK903-Dubai-Amman-Empty-2-UltraWide-GeminiGenerated.png	/Users/a44/Documents/dojo/dojo/Emirates Illustrations/boarding pass asset /Amman/UltraWide/EK903-Dubai-Amman-Empty-2-UltraWide-GeminiGenerated.png
/Users/a44/Documents/dojo/dojo/Emirates Illustrations/boarding pass asset /EK903-Dubai-Amman-Empty-3-GeminiGenerated.png	/Users/a44/Documents/dojo/dojo/Emirates Illustrations/boarding pass asset /Amman/Standard/EK903-Dubai-Amman-Empty-3-GeminiGenerated.png
/Users/a44/Documents/dojo/dojo/Emirates Illustrations/boarding pass asset /EK903-Dubai-Amman-Empty-3-UltraWide-GeminiGenerated.png	/Users/a44/Documents/dojo/dojo/Emirates Illustrations/boarding pass asset /Amman/UltraWide/EK903-Dubai-Amman-Empty-3-UltraWide-GeminiGenerated.png
/Users/a44/Documents/dojo/dojo/Emirates Illustrations/boarding pass asset /EK927-Dubai-Cairo-Empty-1-GeminiGenerated.png	/Users/a44/Documents/dojo/dojo/Emirates Illustrations/boarding pass asset /Cairo/Standard/EK927-Dubai-Cairo-Empty-1-GeminiGenerated.png
/Users/a44/Documents/dojo/dojo/Emirates Illustrations/boarding pass asset /EK927-Dubai-Cairo-Empty-1-UltraWide-GeminiGenerated.png	/Users/a44/Documents/dojo/dojo/Emirates Illustrations/boarding pass asset /Cairo/UltraWide/EK927-Dubai-Cairo-Empty-1-UltraWide-GeminiGenerated.png
/Users/a44/Documents/dojo/dojo/Emirates Illustrations/boarding pass asset /EK927-Dubai-Cairo-Empty-2-GeminiGenerated.png	/Users/a44/Documents/dojo/dojo/Emirates Illustrations/boarding pass asset /Cairo/Standard/EK927-Dubai-Cairo-Empty-2-GeminiGenerated.png
/Users/a44/Documents/dojo/dojo/Emirates Illustrations/boarding pass asset /EK927-Dubai-Cairo-Empty-2-UltraWide-GeminiGenerated.png	/Users/a44/Documents/dojo/dojo/Emirates Illustrations/boarding pass asset /Cairo/UltraWide/EK927-Dubai-Cairo-Empty-2-UltraWide-GeminiGenerated.png
/Users/a44/Documents/dojo/dojo/Emirates Illustrations/boarding pass asset /EK927-Dubai-Cairo-Empty-3-GeminiGenerated.png	/Users/a44/Documents/dojo/dojo/Emirates Illustrations/boarding pass asset /Cairo/Standard/EK927-Dubai-Cairo-Empty-3-GeminiGenerated.png
/Users/a44/Documents/dojo/dojo/Emirates Illustrations/boarding pass asset /EK927-Dubai-Cairo-Empty-3-UltraWide-GeminiGenerated.png	/Users/a44/Documents/dojo/dojo/Emirates Illustrations/boarding pass asset /Cairo/UltraWide/EK927-Dubai-Cairo-Empty-3-UltraWide-GeminiGenerated.png
/Users/a44/Documents/dojo/dojo/Emirates Illustrations/boarding pass asset /EK93-Dubai-Bologna-Empty-1-GeminiGenerated.png	/Users/a44/Documents/dojo/dojo/Emirates Illustrations/boarding pass asset /Bologna/Standard/EK93-Dubai-Bologna-Empty-1-GeminiGenerated.png
/Users/a44/Documents/dojo/dojo/Emirates Illustrations/boarding pass asset /EK93-Dubai-Bologna-Empty-1-UltraWide-GeminiGenerated.png	/Users/a44/Documents/dojo/dojo/Emirates Illustrations/boarding pass asset /Bologna/UltraWide/EK93-Dubai-Bologna-Empty-1-UltraWide-GeminiGenerated.png
/Users/a44/Documents/dojo/dojo/Emirates Illustrations/boarding pass asset /EK93-Dubai-Bologna-Empty-2-GeminiGenerated.png	/Users/a44/Documents/dojo/dojo/Emirates Illustrations/boarding pass asset /Bologna/Standard/EK93-Dubai-Bologna-Empty-2-GeminiGenerated.png
/Users/a44/Documents/dojo/dojo/Emirates Illustrations/boarding pass asset /EK93-Dubai-Bologna-Empty-2-UltraWide-GeminiGenerated.png	/Users/a44/Documents/dojo/dojo/Emirates Illustrations/boarding pass asset /Bologna/UltraWide/EK93-Dubai-Bologna-Empty-2-UltraWide-GeminiGenerated.png
/Users/a44/Documents/dojo/dojo/Emirates Illustrations/boarding pass asset /EK93-Dubai-Bologna-Empty-3-GeminiGenerated.png	/Users/a44/Documents/dojo/dojo/Emirates Illustrations/boarding pass asset /Bologna/Standard/EK93-Dubai-Bologna-Empty-3-GeminiGenerated.png
/Users/a44/Documents/dojo/dojo/Emirates Illustrations/boarding pass asset /EK93-Dubai-Bologna-Empty-3-UltraWide-GeminiGenerated.png	/Users/a44/Documents/dojo/dojo/Emirates Illustrations/boarding pass asset /Bologna/UltraWide/EK93-Dubai-Bologna-Empty-3-UltraWide-GeminiGenerated.png
/Users/a44/Documents/dojo/dojo/Emirates Illustrations/boarding pass asset /EK957-Dubai-Beirut-Empty-1-GeminiGenerated.png	/Users/a44/Documents/dojo/dojo/Emirates Illustrations/boarding pass asset /Beirut/Standard/EK957-Dubai-Beirut-Empty-1-GeminiGenerated.png
/Users/a44/Documents/dojo/dojo/Emirates Illustrations/boarding pass asset /EK957-Dubai-Beirut-Empty-1-UltraWide-GeminiGenerated.png	/Users/a44/Documents/dojo/dojo/Emirates Illustrations/boarding pass asset /Beirut/UltraWide/EK957-Dubai-Beirut-Empty-1-UltraWide-GeminiGenerated.png
/Users/a44/Documents/dojo/dojo/Emirates Illustrations/boarding pass asset /EK957-Dubai-Beirut-Empty-2-GeminiGenerated.png	/Users/a44/Documents/dojo/dojo/Emirates Illustrations/boarding pass asset /Beirut/Standard/EK957-Dubai-Beirut-Empty-2-GeminiGenerated.png
/Users/a44/Documents/dojo/dojo/Emirates Illustrations/boarding pass asset /EK957-Dubai-Beirut-Empty-2-UltraWide-GeminiGenerated.png	/Users/a44/Documents/dojo/dojo/Emirates Illustrations/boarding pass asset /Beirut/UltraWide/EK957-Dubai-Beirut-Empty-2-UltraWide-GeminiGenerated.png
/Users/a44/Documents/dojo/dojo/Emirates Illustrations/boarding pass asset /EK957-Dubai-Beirut-Empty-3-GeminiGenerated.png	/Users/a44/Documents/dojo/dojo/Emirates Illustrations/boarding pass asset /Beirut/Standard/EK957-Dubai-Beirut-Empty-3-GeminiGenerated.png
/Users/a44/Documents/dojo/dojo/Emirates Illustrations/boarding pass asset /EK957-Dubai-Beirut-Empty-3-UltraWide-GeminiGenerated.png	/Users/a44/Documents/dojo/dojo/Emirates Illustrations/boarding pass asset /Beirut/UltraWide/EK957-Dubai-Beirut-Empty-3-UltraWide-GeminiGenerated.png
/Users/a44/Documents/dojo/dojo/Emirates Illustrations/boarding pass asset /EK97-Dubai-Rome-Empty-1-GeminiGenerated.png	/Users/a44/Documents/dojo/dojo/Emirates Illustrations/boarding pass asset /Rome/Standard/EK97-Dubai-Rome-Empty-1-GeminiGenerated.png
/Users/a44/Documents/dojo/dojo/Emirates Illustrations/boarding pass asset /EK97-Dubai-Rome-Empty-1-UltraWide-GeminiGenerated.png	/Users/a44/Documents/dojo/dojo/Emirates Illustrations/boarding pass asset /Rome/UltraWide/EK97-Dubai-Rome-Empty-1-UltraWide-GeminiGenerated.png
/Users/a44/Documents/dojo/dojo/Emirates Illustrations/boarding pass asset /EK97-Dubai-Rome-Empty-2-GeminiGenerated.png	/Users/a44/Documents/dojo/dojo/Emirates Illustrations/boarding pass asset /Rome/Standard/EK97-Dubai-Rome-Empty-2-GeminiGenerated.png
/Users/a44/Documents/dojo/dojo/Emirates Illustrations/boarding pass asset /EK97-Dubai-Rome-Empty-2-UltraWide-GeminiGenerated.png	/Users/a44/Documents/dojo/dojo/Emirates Illustrations/boarding pass asset /Rome/UltraWide/EK97-Dubai-Rome-Empty-2-UltraWide-GeminiGenerated.png
/Users/a44/Documents/dojo/dojo/Emirates Illustrations/boarding pass asset /EK97-Dubai-Rome-Empty-3-GeminiGenerated.png	/Users/a44/Documents/dojo/dojo/Emirates Illustrations/boarding pass asset /Rome/Standard/EK97-Dubai-Rome-Empty-3-GeminiGenerated.png
/Users/a44/Documents/dojo/dojo/Emirates Illustrations/boarding pass asset /EK97-Dubai-Rome-Empty-3-UltraWide-GeminiGenerated.png	/Users/a44/Documents/dojo/dojo/Emirates Illustrations/boarding pass asset /Rome/UltraWide/EK97-Dubai-Rome-Empty-3-UltraWide-GeminiGenerated.png
